"Number","Name","Type_1","Type_2","Total","HP","Attack","Defense","Sp_Atk","Sp_Def","Speed","Generation","isLegendary","Color","hasGender","Pr_Male","Egg_Group_1","Egg_Group_2","hasMegaEvolution","Height_m","Weight_kg","Catch_Rate","Body_Style"
1,"Regigigas","Normal",NA,670,110,160,110,80,110,100,4,"True","White","False",NA,"Undiscovered",NA,"False",3.71,420,3,"bipedal_tailless"
2,"Tyrantrum","Rock","Dragon",521,82,121,119,69,59,71,6,"False","Red","True",0.875,"Monster","Dragon","False",2.49,270,45,"bipedal_tailed"
3,"Braviary","Normal","Flying",510,100,123,75,57,75,80,5,"False","Red","True",1,"Flying",NA,"False",1.5,41,60,"two_wings"
4,"Tepig","Fire",NA,308,65,63,45,45,45,45,5,"False","Red","True",0.875,"Field",NA,"False",0.51,9.9,45,"quadruped"
5,"Luxray","Electric",NA,523,80,120,79,95,79,70,4,"False","Blue","True",0.5,"Field",NA,"False",1.4,42,45,"quadruped"
6,"Zigzagoon","Normal",NA,240,38,30,41,30,41,60,3,"False","Brown","True",0.5,"Field",NA,"False",0.41,17.5,255,"quadruped"
7,"Thundurus","Electric","Flying",580,79,115,70,125,80,111,5,"True","Blue","True",1,"Undiscovered",NA,"False",1.5,61,3,"head_arms"
8,"Jirachi","Steel","Psychic",600,100,100,100,100,100,100,3,"True","Yellow","False",NA,"Undiscovered",NA,"False",0.3,1.1,3,"bipedal_tailless"
9,"Scrafty","Dark","Fighting",488,65,90,115,45,115,58,5,"False","Red","True",0.5,"Field","Dragon","False",1.09,30,90,"bipedal_tailed"
10,"Sentret","Normal",NA,215,35,46,34,35,45,20,2,"False","Brown","True",0.5,"Field",NA,"False",0.79,6,255,"quadruped"
11,"Bergmite","Ice",NA,304,55,69,85,32,35,28,6,"False","Blue","True",0.5,"Monster",NA,"False",0.99,99.5,190,"quadruped"
12,"Aipom","Normal",NA,360,55,70,55,40,55,85,2,"False","Purple","True",0.5,"Field",NA,"False",0.79,11.5,45,"bipedal_tailed"
13,"Aurorus","Rock","Ice",521,123,77,72,99,92,58,6,"False","Blue","True",0.875,"Monster",NA,"False",2.69,225,45,"quadruped"
14,"Lugia","Psychic","Flying",680,106,90,130,90,154,110,2,"True","White","False",NA,"Undiscovered",NA,"False",5.21,216,3,"two_wings"
15,"Cassie","Water","Psychic",499,222,18,231,123,8,100,3,"True","Green","False",0,"Water_1","Fairy","True",17,28,5,"head_only"
16,"Wurmple","Bug",NA,195,45,45,35,20,30,20,3,"False","Red","True",0.5,"Bug",NA,"False",0.3,3.6,255,"serpentine_body"
17,"Gothitelle","Psychic",NA,490,70,55,95,95,110,65,5,"False","Purple","True",0.25,"Human-Like",NA,"False",1.5,44,50,"bipedal_tailless"
18,"Floette","Fairy",NA,371,54,45,47,75,98,52,6,"False","White","True",0,"Fairy",NA,"False",0.2,0.9,120,"head_arms"
19,"Minun","Electric",NA,405,60,40,50,75,85,95,3,"False","Yellow","True",0.5,"Fairy",NA,"False",0.41,4.2,200,"bipedal_tailed"
20,"Whiscash","Water","Ground",468,110,78,73,76,71,60,3,"False","Blue","True",0.5,"Water_2",NA,"False",0.89,23.6,75,"with_fins"
21,"Hitmontop","Fighting",NA,455,50,95,95,35,110,70,2,"False","Brown","True",1,"Human-Like",NA,"False",1.4,48,45,"bipedal_tailed"
22,"Wormadam","Bug","Grass",424,60,59,85,79,105,36,4,"False","Grey","True",0,"Bug",NA,"False",0.51,6.5,45,"head_base"
23,"Shinx","Electric",NA,263,45,65,34,40,34,45,4,"False","Blue","True",0.5,"Field",NA,"False",0.51,9.5,235,"quadruped"
24,"Sliggoo","Dragon",NA,452,68,75,53,83,113,60,6,"False","Purple","True",0.5,"Dragon",NA,"False",0.79,17.5,45,"serpentine_body"
25,"Torkoal","Fire",NA,470,70,85,140,85,70,20,3,"False","Brown","True",0.5,"Field",NA,"False",0.51,80.4,90,"quadruped"
26,"Sceptile","Grass",NA,530,70,85,65,105,85,120,3,"False","Green","True",0.875,"Monster","Dragon","True",1.7,52.2,45,"bipedal_tailed"
27,"Granbull","Fairy",NA,450,90,120,75,60,60,45,2,"False","Purple","True",0.25,"Field","Fairy","False",1.4,48.7,75,"bipedal_tailed"
28,"Dragonair","Dragon",NA,420,61,84,65,70,70,70,1,"False","Blue","True",0.5,"Water_1","Dragon","False",3.99,16.5,45,"serpentine_body"
29,"Sunkern","Grass",NA,180,30,30,30,30,30,30,2,"False","Yellow","True",0.5,"Grass",NA,"False",0.3,1.8,235,"head_only"
30,"Ferroseed","Grass","Steel",305,44,50,91,24,86,10,5,"False","Grey","True",0.5,"Grass","Mineral","False",0.61,18.8,255,"head_only"
31,"Krokorok","Ground","Dark",351,60,82,45,45,45,74,5,"False","Brown","True",0.5,"Field",NA,"False",0.99,33.4,90,"quadruped"
32,"Flabébé","Fairy",NA,303,44,38,39,61,79,42,6,"False","White","True",0,"Fairy",NA,"False",0.1,0.1,225,"head_arms"
33,"Arbok","Poison",NA,438,60,85,69,65,79,80,1,"False","Purple","True",0.5,"Field","Dragon","False",3.51,65,90,"serpentine_body"
34,"Musharna","Psychic",NA,487,116,55,85,107,95,29,5,"False","Pink","True",0.5,"Field",NA,"False",1.09,60.5,75,"bipedal_tailless"
35,"Slowpoke","Water","Psychic",315,90,65,65,40,40,15,1,"False","Pink","True",0.5,"Monster","Water_1","False",1.19,36,190,"quadruped"
36,"Raichu","Electric",NA,485,60,90,55,90,80,110,1,"False","Yellow","True",0.5,"Field","Fairy","False",0.79,30,75,"bipedal_tailed"
37,"Mew","Psychic",NA,600,100,100,100,100,100,100,1,"False","Pink","False",NA,"Undiscovered",NA,"False",0.41,4,45,"bipedal_tailed"
38,"Durant","Bug","Steel",484,58,109,112,48,48,109,5,"False","Grey","True",0.5,"Bug",NA,"False",0.3,33,90,"insectoid"
39,"Piplup","Water",NA,314,53,51,53,61,56,40,4,"False","Blue","True",0.875,"Water_1","Field","False",0.41,5.2,45,"bipedal_tailless"
40,"Gardevoir","Psychic","Fairy",518,68,65,65,125,115,80,3,"False","White","True",0.5,"Amorphous",NA,"True",1.6,48.4,45,"bipedal_tailless"
41,"Mismagius","Ghost",NA,495,60,60,60,105,105,105,4,"False","Purple","True",0.5,"Amorphous",NA,"False",0.89,4.4,45,"head_only"
42,"Lucario","Fighting","Steel",525,70,110,70,115,70,90,4,"False","Blue","True",0.875,"Field","Human-Like","True",1.19,54,45,"bipedal_tailed"
43,"Cacturne","Grass","Dark",475,70,115,60,115,60,55,3,"False","Green","True",0.5,"Grass","Human-Like","False",1.3,77.4,60,"bipedal_tailless"
44,"Simipour","Water",NA,498,75,98,63,98,63,101,5,"False","Blue","True",0.875,"Field",NA,"False",0.99,29,75,"bipedal_tailed"
45,"Spearow","Normal","Flying",262,40,60,30,31,31,70,1,"False","Brown","True",0.5,"Flying",NA,"False",0.3,2,255,"two_wings"
46,"Linoone","Normal",NA,420,78,70,61,50,61,100,3,"False","White","True",0.5,"Field",NA,"False",0.51,32.5,90,"quadruped"
47,"Sneasel","Dark","Ice",430,55,95,55,35,75,115,2,"False","Black","True",0.5,"Field",NA,"False",0.89,28,60,"bipedal_tailed"
48,"Gligar","Ground","Flying",430,65,75,105,35,65,85,2,"False","Purple","True",0.5,"Bug",NA,"False",1.09,64.8,60,"two_wings"
49,"Scyther","Bug","Flying",500,70,110,80,55,80,105,1,"False","Green","True",0.5,"Bug",NA,"False",1.5,56,45,"four_wings"
50,"Azelf","Psychic",NA,580,75,125,70,125,70,115,4,"True","Blue","False",NA,"Undiscovered",NA,"False",0.3,0.3,3,"bipedal_tailed"
51,"Stantler","Normal",NA,465,73,95,62,85,65,85,2,"False","Brown","True",0.5,"Field",NA,"False",1.4,71.2,45,"quadruped"
52,"Skuntank","Poison","Dark",479,103,93,67,71,61,84,4,"False","Purple","True",0.5,"Field",NA,"False",0.99,38,60,"quadruped"
53,"Doublade","Steel","Ghost",448,59,110,150,45,49,35,6,"False","Brown","True",0.5,"Mineral",NA,"False",0.84,4.5,90,"multiple_bodies"
54,"Shiftry","Grass","Dark",480,90,100,60,90,60,80,3,"False","Brown","True",0.5,"Field","Grass","False",1.3,59.6,45,"bipedal_tailless"
55,"Lickitung","Normal",NA,385,90,55,75,60,75,30,1,"False","Pink","True",0.5,"Monster",NA,"False",1.19,65.5,45,"bipedal_tailed"
56,"Parasect","Bug","Grass",405,60,95,80,60,80,30,1,"False","Red","True",0.5,"Bug","Grass","False",0.99,29.5,75,"insectoid"
57,"Rhydon","Ground","Rock",485,105,130,120,45,45,40,1,"False","Grey","True",0.5,"Monster","Field","False",1.91,120,60,"bipedal_tailed"
58,"Sam","Water",NA,308,55,55,45,63,45,45,5,"False","Blue","True",0.875,"Field",NA,"False",0.51,5.9,45,"bipedal_tailed"
59,"Qwilfish","Water","Poison",430,65,95,75,55,55,85,2,"False","Grey","True",0.5,"Water_2",NA,"False",0.51,3.9,45,"with_fins"
60,"Jellicent","Water","Ghost",480,100,60,70,85,105,60,5,"False","White","True",0.5,"Amorphous",NA,"False",2.21,135,60,"several_limbs"
61,"Escavalier","Bug","Steel",495,70,135,105,60,105,20,5,"False","Grey","True",0.5,"Bug",NA,"False",0.99,33,75,"head_arms"
62,"Froslass","Ice","Ghost",480,70,80,70,80,70,110,4,"False","White","True",0,"Fairy","Mineral","False",1.3,26.6,75,"head_arms"
63,"Watchog","Normal",NA,420,60,85,69,60,69,77,5,"False","Brown","True",0.5,"Field",NA,"False",1.09,27,255,"bipedal_tailed"
64,"Panpour","Water",NA,316,50,53,48,53,48,64,5,"False","Blue","True",0.875,"Field",NA,"False",0.61,13.5,190,"bipedal_tailed"
65,"Flygon","Ground","Dragon",520,80,100,80,80,80,100,3,"False","Green","True",0.5,"Bug",NA,"False",2.01,82,45,"two_wings"
66,"Jolteon","Electric",NA,525,65,65,60,110,95,130,1,"False","Yellow","True",0.875,"Field",NA,"False",0.79,24.5,45,"quadruped"
67,"Natu","Psychic","Flying",320,40,50,45,70,45,70,2,"False","Green","True",0.5,"Flying",NA,"False",0.2,2,190,"two_wings"
68,"Nidoqueen","Poison","Ground",505,90,92,87,75,85,76,1,"False","Blue","True",0,"Undiscovered",NA,"False",1.3,60,45,"bipedal_tailed"
69,"Chimecho","Psychic",NA,425,65,50,70,95,80,65,3,"False","Blue","True",0.5,"Amorphous",NA,"False",0.61,1,45,"head_arms"
70,"Delcatty","Normal",NA,380,70,65,65,55,55,70,3,"False","Purple","True",0.25,"Field","Fairy","False",1.09,32.6,60,"quadruped"
71,"Goomy","Dragon",NA,300,45,50,35,55,75,40,6,"False","Purple","True",0.5,"Dragon",NA,"False",0.3,2.8,45,"serpentine_body"
72,"Swinub","Ice","Ground",250,50,50,40,30,30,50,2,"False","Brown","True",0.5,"Field",NA,"False",0.41,6.5,225,"quadruped"
73,"Oshawott","Water",NA,308,55,55,45,63,45,45,5,"False","Blue","True",0.875,"Field",NA,"False",0.51,5.9,45,"bipedal_tailed"
74,"Mr._Mime","Psychic","Fairy",460,40,45,65,100,120,90,1,"False","Pink","True",0.5,"Human-Like",NA,"False",1.3,54.5,45,"bipedal_tailless"
75,"Teddiursa","Normal",NA,330,60,80,50,50,50,40,2,"False","Brown","True",0.5,"Field",NA,"False",0.61,8.8,120,"bipedal_tailed"
76,"Vileplume","Grass","Poison",490,75,80,85,110,90,50,1,"False","Red","True",0.5,"Grass",NA,"False",1.19,18.6,45,"bipedal_tailless"
77,"Zekrom","Dragon","Electric",680,100,150,120,120,100,90,5,"True","Black","False",NA,"Undiscovered",NA,"False",2.9,345,3,"bipedal_tailed"
78,"Magby","Fire",NA,365,45,75,37,70,55,83,2,"False","Red","True",0.75,"Undiscovered",NA,"False",0.71,21.4,45,"bipedal_tailed"
79,"Growlithe","Fire",NA,350,55,70,45,70,50,60,1,"False","Brown","True",0.75,"Field",NA,"False",0.71,19,190,"quadruped"
80,"Whimsicott","Grass","Fairy",480,60,67,85,77,75,116,5,"False","Green","True",0.5,"Grass","Fairy","False",0.71,6.6,75,"bipedal_tailless"
81,"Palkia","Water","Dragon",680,90,120,100,150,120,100,4,"True","Purple","False",NA,"Undiscovered",NA,"False",4.19,336,3,"bipedal_tailed"
82,"Delibird","Ice","Flying",330,45,55,45,65,45,75,2,"False","Red","True",0.5,"Water_1","Field","False",0.89,16,45,"two_wings"
83,"Tyranitar","Rock","Dark",600,100,134,110,95,100,61,2,"False","Green","True",0.5,"Monster",NA,"True",2.01,202,45,"bipedal_tailed"
84,"Scizor","Bug","Steel",500,70,130,100,55,80,65,2,"False","Red","True",0.5,"Bug",NA,"True",1.8,118,25,"four_wings"
85,"Nidoran♂","Poison",NA,273,46,57,40,40,40,50,1,"False","Purple","True",1,"Monster","Field","False",0.51,9,235,"quadruped"
86,"Togekiss","Fairy","Flying",545,85,50,95,120,115,80,4,"False","White","True",0.875,"Flying","Fairy","False",1.5,38,30,"two_wings"
87,"Mudkip","Water",NA,310,50,70,50,50,50,40,3,"False","Blue","True",0.875,"Monster","Water_1","False",0.41,7.6,45,"quadruped"
88,"Beldum","Steel","Psychic",300,40,55,80,35,60,30,3,"False","Blue","False",NA,"Mineral",NA,"False",0.61,95.2,3,"head_base"
89,"Chinchou","Water","Electric",330,75,38,38,56,56,67,2,"False","Blue","True",0.5,"Water_2",NA,"False",0.51,12,190,"with_fins"
90,"Croconaw","Water",NA,405,65,80,80,59,63,58,2,"False","Blue","True",0.875,"Monster","Water_1","False",1.09,25,45,"bipedal_tailed"
91,"Lumineon","Water",NA,460,69,69,76,69,86,91,4,"False","Blue","True",0.5,"Water_2",NA,"False",1.19,24,75,"with_fins"
92,"Roggenrola","Rock",NA,280,55,75,85,25,25,15,5,"False","Blue","True",0.5,"Mineral",NA,"False",0.41,18,255,"head_legs"
93,"Litleo","Fire","Normal",369,62,50,58,73,54,72,6,"False","Brown","True",0.125,"Field",NA,"False",0.61,13.5,220,"quadruped"
94,"Metang","Steel","Psychic",420,60,75,100,55,80,50,3,"False","Blue","False",NA,"Mineral",NA,"False",1.19,202.5,3,"head_arms"
95,"Volcanion","Fire","Water",600,80,110,120,130,90,70,6,"True","Brown","False",NA,"Undiscovered",NA,"False",1.7,195,3,"quadruped"
96,"Shedinja","Bug","Ghost",236,1,90,45,30,30,40,3,"False","Brown","False",NA,"Mineral",NA,"False",0.79,1.2,45,"head_base"
97,"Mawile","Steel","Fairy",380,50,85,85,55,55,50,3,"False","Black","True",0.5,"Field","Fairy","True",0.61,11.5,45,"bipedal_tailless"
98,"Golurk","Ground","Ghost",483,89,124,80,55,80,55,5,"False","Green","False",NA,"Mineral",NA,"False",2.79,330,90,"bipedal_tailless"
99,"Altaria","Dragon","Flying",490,75,70,90,70,105,80,3,"False","Blue","True",0.5,"Flying","Dragon","True",1.09,20.6,45,"two_wings"
100,"Ducklett","Water","Flying",305,62,44,50,44,50,55,5,"False","Blue","True",0.5,"Water_1","Flying","False",0.51,5.5,190,"two_wings"
101,"Shuppet","Ghost",NA,295,44,75,35,63,33,45,3,"False","Black","True",0.5,"Amorphous",NA,"False",0.61,2.3,225,"head_only"
102,"Klinklang","Steel",NA,520,60,100,115,70,85,90,5,"False","Grey","False",NA,"Mineral",NA,"False",0.61,81,30,"multiple_bodies"
103,"Nidorina","Poison",NA,365,70,62,67,55,55,56,1,"False","Blue","True",0,"Undiscovered",NA,"False",0.79,20,120,"quadruped"
104,"Happiny","Normal",NA,220,100,5,5,15,65,30,4,"False","Pink","True",0,"Undiscovered",NA,"False",0.61,24.4,130,"bipedal_tailless"
105,"Dusclops","Ghost",NA,455,40,70,130,60,130,25,3,"False","Black","True",0.5,"Amorphous",NA,"False",1.6,30.6,90,"bipedal_tailless"
106,"Swalot","Poison",NA,467,100,73,83,73,83,55,3,"False","Purple","True",0.5,"Amorphous",NA,"False",1.7,80,75,"head_arms"
107,"Crawdaunt","Water","Dark",468,63,120,85,90,55,55,3,"False","Red","True",0.5,"Water_1","Water_3","False",1.09,32.8,155,"insectoid"
108,"Magcargo","Fire","Rock",410,50,50,120,80,80,30,2,"False","Red","True",0.5,"Amorphous",NA,"False",0.79,55,75,"serpentine_body"
109,"Persian","Normal",NA,440,65,70,60,65,65,115,1,"False","Yellow","True",0.5,"Field",NA,"False",0.99,32,90,"quadruped"
110,"Breloom","Grass","Fighting",460,60,130,80,60,60,70,3,"False","Green","True",0.5,"Fairy","Grass","False",1.19,39.2,90,"bipedal_tailed"
111,"Dustox","Bug","Poison",385,60,50,70,50,90,65,3,"False","Green","True",0.5,"Bug",NA,"False",1.19,31.6,45,"four_wings"
112,"Gurdurr","Fighting",NA,405,85,105,85,40,50,40,5,"False","Grey","True",0.75,"Human-Like",NA,"False",1.19,40,90,"bipedal_tailless"
113,"Tornadus","Flying",NA,580,79,115,70,125,80,111,5,"True","Green","True",1,"Undiscovered",NA,"False",1.5,63,3,"head_arms"
114,"Scolipede","Bug","Poison",485,60,100,89,55,69,112,5,"False","Red","True",0.5,"Bug",NA,"False",2.49,200.5,45,"insectoid"
115,"Charizard","Fire","Flying",534,78,84,78,109,85,100,1,"False","Red","True",0.875,"Monster","Dragon","True",1.7,90.5,45,"bipedal_tailed"
116,"Golem","Rock","Ground",495,80,120,130,55,65,45,1,"False","Brown","True",0.5,"Mineral",NA,"False",1.4,300,45,"bipedal_tailless"
117,"Grovyle","Grass",NA,405,50,65,45,85,65,95,3,"False","Green","True",0.875,"Monster","Dragon","False",0.89,21.6,45,"bipedal_tailed"
118,"Houndoom","Dark","Fire",500,75,90,50,110,80,95,2,"False","Black","True",0.5,"Field",NA,"True",1.4,35,45,"quadruped"
119,"Porygon","Normal",NA,395,65,60,70,85,75,40,1,"False","Pink","False",NA,"Mineral",NA,"False",0.79,36.5,45,"head_legs"
120,"Cryogonal","Ice",NA,485,70,50,30,95,135,105,5,"False","Blue","False",NA,"Mineral",NA,"False",1.09,148,25,"head_only"
121,"Mime_Jr.","Psychic","Fairy",310,20,25,45,70,90,60,4,"False","Pink","True",0.5,"Undiscovered",NA,"False",0.61,13,145,"bipedal_tailless"
122,"Charmander","Fire",NA,309,39,52,43,60,50,65,1,"False","Red","True",0.875,"Monster","Dragon","False",0.61,8.5,45,"bipedal_tailed"
123,"Sawsbuck","Normal","Grass",475,80,100,70,60,70,95,5,"False","Brown","True",0.5,"Field",NA,"False",1.91,92.5,75,"quadruped"
124,"Latios","Dragon","Psychic",600,80,90,80,130,110,110,3,"True","Blue","True",1,"Undiscovered",NA,"True",2.01,60,3,"two_wings"
125,"Poliwhirl","Water",NA,385,65,65,65,50,50,90,1,"False","Blue","True",0.5,"Water_1",NA,"False",0.99,20,120,"bipedal_tailless"
126,"Sealeo","Ice","Water",410,90,60,70,75,70,45,3,"False","Blue","True",0.5,"Water_1","Field","False",1.09,87.6,120,"with_fins"
127,"Sewaddle","Bug","Grass",310,45,53,70,40,60,42,5,"False","Yellow","True",0.5,"Bug",NA,"False",0.3,2.5,255,"insectoid"
128,"Relicanth","Water","Rock",485,100,90,130,45,65,55,3,"False","Grey","True",0.875,"Water_1","Water_2","False",0.99,23.4,25,"with_fins"
129,"Primeape","Fighting",NA,455,65,105,60,60,70,95,1,"False","Brown","True",0.5,"Field",NA,"False",0.99,32,75,"bipedal_tailed"
130,"Exeggutor","Grass","Psychic",520,95,95,85,125,65,55,1,"False","Yellow","True",0.5,"Grass",NA,"False",2.01,120,45,"head_legs"
131,"Whirlipede","Bug","Poison",360,40,55,99,40,79,47,5,"False","Grey","True",0.5,"Bug",NA,"False",1.19,58.5,120,"head_only"
132,"Claydol","Ground","Psychic",500,60,70,105,70,120,75,3,"False","Black","False",NA,"Mineral",NA,"False",1.5,108,90,"head_arms"
133,"Totodile","Water",NA,314,50,65,64,44,48,43,2,"False","Blue","True",0.875,"Monster","Water_1","False",0.61,9.5,45,"bipedal_tailed"
134,"Clefairy","Fairy",NA,323,70,45,48,60,65,35,1,"False","Pink","True",0.25,"Fairy",NA,"False",0.61,7.5,150,"bipedal_tailed"
135,"Combusken","Fire","Fighting",405,60,85,60,85,60,55,3,"False","Red","True",0.875,"Field",NA,"False",0.89,19.5,45,"bipedal_tailed"
136,"Absol","Dark",NA,465,65,130,60,75,60,75,3,"False","White","True",0.5,"Field",NA,"True",1.19,47,30,"quadruped"
137,"Charmeleon","Fire",NA,405,58,64,58,80,65,80,1,"False","Red","True",0.875,"Monster","Dragon","False",1.09,19,45,"bipedal_tailed"
138,"Emboar","Fire","Fighting",528,110,123,65,100,65,65,5,"False","Red","True",0.875,"Field",NA,"False",1.6,150,45,"bipedal_tailed"
139,"Probopass","Rock","Steel",525,60,55,145,75,150,40,4,"False","Grey","True",0.5,"Mineral",NA,"False",1.4,340,60,"multiple_bodies"
140,"Nidorino","Poison",NA,365,61,72,57,55,55,65,1,"False","Purple","True",1,"Monster","Field","False",0.89,19.5,120,"quadruped"
141,"Rotom","Electric","Ghost",440,50,50,77,95,77,91,4,"False","Red","False",NA,"Amorphous",NA,"False",0.3,0.3,45,"head_only"
142,"Steelix","Steel","Ground",510,75,85,200,55,65,30,2,"False","Grey","True",0.5,"Mineral",NA,"True",9.19,400,25,"serpentine_body"
143,"Gogoat","Grass",NA,531,123,100,62,97,81,68,6,"False","Brown","True",0.5,"Field",NA,"False",1.7,91,45,"quadruped"
144,"Skrelp","Poison","Water",320,50,60,60,60,60,30,6,"False","Brown","True",0.5,"Water_1","Dragon","False",0.51,7.3,225,"head_base"
145,"Swampert","Water","Ground",535,100,110,90,85,90,60,3,"False","Blue","True",0.875,"Monster","Water_1","True",1.5,81.9,45,"bipedal_tailed"
146,"Phantump","Ghost","Grass",309,43,70,48,50,60,38,6,"False","Brown","True",0.5,"Grass","Amorphous","False",0.41,7,120,"head_arms"
147,"Nidoran♀","Poison",NA,275,55,47,52,40,40,41,1,"False","Blue","True",0,"Monster","Field","False",0.41,7,235,"quadruped"
148,"Genesect","Bug","Steel",600,71,120,95,120,95,99,5,"False","Purple","False",NA,"Undiscovered",NA,"False",1.5,82.5,3,"bipedal_tailless"
149,"Landorus","Ground","Flying",600,89,125,90,115,80,101,5,"True","Brown","True",1,"Undiscovered",NA,"False",1.5,68,3,"head_arms"
150,"Haunter","Ghost","Poison",405,45,50,45,115,55,95,1,"False","Purple","True",0.5,"Amorphous",NA,"False",1.6,0.1,90,"head_arms"
151,"Tropius","Grass","Flying",460,99,68,83,72,87,51,3,"False","Green","True",0.5,"Monster","Grass","False",2.01,100,200,"quadruped"
152,"Ninjask","Bug","Flying",456,61,90,45,50,50,160,3,"False","Yellow","True",0.5,"Bug",NA,"False",0.79,12,120,"four_wings"
153,"Rhyhorn","Ground","Rock",345,80,85,95,30,30,25,1,"False","Grey","True",0.5,"Monster","Field","False",0.99,115,120,"quadruped"
154,"Elekid","Electric",NA,360,45,63,37,65,55,95,2,"False","Yellow","True",0.75,"Undiscovered",NA,"False",0.61,23.5,45,"bipedal_tailless"
155,"Graveler","Rock","Ground",390,55,95,115,45,45,35,1,"False","Brown","True",0.5,"Mineral",NA,"False",0.99,105,120,"bipedal_tailless"
156,"Salamence","Dragon","Flying",600,95,135,80,110,80,100,3,"False","Blue","True",0.5,"Dragon",NA,"True",1.5,102.6,45,"quadruped"
157,"Mewtwo","Psychic",NA,680,106,110,90,154,90,130,1,"True","Purple","False",NA,"Undiscovered",NA,"True",2.01,122,3,"bipedal_tailed"
158,"Pyroar","Fire","Normal",507,86,68,72,109,66,106,6,"False","Brown","True",0.125,"Field",NA,"False",1.5,81.5,65,"quadruped"
159,"Skiploom","Grass","Flying",340,55,45,50,45,65,80,2,"False","Green","True",0.5,"Fairy","Grass","False",0.61,1,120,"bipedal_tailed"
160,"Hariyama","Fighting",NA,474,144,120,60,40,60,50,3,"False","Brown","True",0.75,"Human-Like",NA,"False",2.31,253.8,200,"bipedal_tailless"
161,"Fletchling","Normal","Flying",278,45,50,43,40,38,62,6,"False","Red","True",0.5,"Flying",NA,"False",0.3,1.7,255,"two_wings"
162,"Amaura","Rock","Ice",362,77,59,50,67,63,46,6,"False","Blue","True",0.875,"Monster",NA,"False",1.3,25.2,45,"quadruped"
163,"Shroomish","Grass",NA,295,60,40,60,40,60,35,3,"False","Brown","True",0.5,"Fairy","Grass","False",0.41,4.5,255,"head_legs"
164,"Kirlia","Psychic","Fairy",278,38,35,35,65,55,50,3,"False","White","True",0.5,"Amorphous",NA,"False",0.79,20.2,120,"bipedal_tailless"
165,"Dwebble","Bug","Rock",325,50,65,85,35,35,55,5,"False","Red","True",0.5,"Bug","Mineral","False",0.3,14.5,190,"insectoid"
166,"Goodra","Dragon",NA,600,90,100,70,110,150,80,6,"False","Purple","True",0.5,"Dragon",NA,"False",2.01,150.5,45,"bipedal_tailed"
167,"Bibarel","Normal","Water",410,79,85,60,55,60,71,4,"False","Brown","True",0.5,"Water_1","Field","False",0.99,31.5,127,"bipedal_tailed"
168,"Dialga","Steel","Dragon",680,100,120,120,150,100,90,4,"True","White","False",NA,"Undiscovered",NA,"False",5.41,683,3,"quadruped"
169,"Klefki","Steel","Fairy",470,57,80,91,80,87,75,6,"False","Grey","True",0.5,"Mineral",NA,"False",0.2,3,75,"head_only"
170,"Pineco","Bug",NA,290,50,65,90,35,35,15,2,"False","Grey","True",0.5,"Bug",NA,"False",0.61,7.2,190,"head_only"
171,"Bisharp","Dark","Steel",490,65,125,100,60,70,70,5,"False","Red","True",0.5,"Human-Like",NA,"False",1.6,70,45,"bipedal_tailless"
172,"Ponyta","Fire",NA,410,50,85,55,65,65,90,1,"False","Yellow","True",0.5,"Field",NA,"False",0.99,30,190,"quadruped"
173,"Buizel","Water",NA,330,55,65,35,60,30,85,4,"False","Brown","True",0.5,"Water_1","Field","False",0.71,29.5,190,"quadruped"
174,"Dewgong","Water","Ice",475,90,70,80,70,95,70,1,"False","White","True",0.5,"Water_1","Field","False",1.7,120,75,"with_fins"
175,"Swablu","Normal","Flying",310,45,40,60,40,75,50,3,"False","Blue","True",0.5,"Flying","Dragon","False",0.41,1.2,255,"two_wings"
176,"Mandibuzz","Dark","Flying",510,110,65,105,55,95,80,5,"False","Brown","True",0,"Flying",NA,"False",1.19,39.5,60,"two_wings"
177,"Munna","Psychic",NA,292,76,25,45,67,55,24,5,"False","Pink","True",0.5,"Field",NA,"False",0.61,23.3,190,"quadruped"
178,"Flaaffy","Electric",NA,365,70,55,55,80,60,45,2,"False","Pink","True",0.5,"Monster","Field","False",0.79,13.3,120,"bipedal_tailed"
179,"Jigglypuff","Normal","Fairy",270,115,45,20,45,25,20,1,"False","Pink","True",0.25,"Fairy",NA,"False",0.51,5.5,170,"bipedal_tailless"
180,"Slaking","Normal",NA,670,150,160,100,95,65,100,3,"False","Brown","True",0.5,"Field",NA,"False",2.01,130.5,45,"bipedal_tailless"
181,"Dratini","Dragon",NA,300,41,64,45,50,50,50,1,"False","Blue","True",0.5,"Water_1","Dragon","False",1.8,3.3,45,"serpentine_body"
182,"Phanpy","Ground",NA,330,90,60,60,40,40,40,2,"False","Blue","True",0.5,"Field",NA,"False",0.51,33.5,120,"quadruped"
183,"Pidgeot","Normal","Flying",479,83,80,75,70,70,101,1,"False","Brown","True",0.5,"Flying",NA,"True",1.5,39.5,45,"two_wings"
184,"Giratina","Ghost","Dragon",680,150,120,100,120,100,90,4,"True","Black","False",NA,"Undiscovered",NA,"False",6.91,650,3,"serpentine_body"
185,"Kingdra","Water","Dragon",540,75,95,95,95,95,85,2,"False","Blue","True",0.5,"Water_1","Dragon","False",1.8,152,45,"head_base"
186,"Carracosta","Water","Rock",495,74,108,133,83,65,32,5,"False","Blue","True",0.875,"Water_1","Water_3","False",1.19,81,45,"bipedal_tailed"
187,"Porygon-Z","Normal",NA,535,85,80,70,135,75,90,4,"False","Red","False",NA,"Mineral",NA,"False",0.89,34,30,"head_arms"
188,"Tirtouga","Water","Rock",355,54,78,103,53,45,22,5,"False","Blue","True",0.875,"Water_1","Water_3","False",0.71,16.5,45,"quadruped"
189,"Bulbasaur","Grass","Poison",318,45,49,49,65,65,45,1,"False","Green","True",0.875,"Monster","Grass","False",0.71,6.9,45,"quadruped"
190,"Regirock","Rock",NA,580,80,100,200,50,100,50,3,"True","Brown","False",NA,"Undiscovered",NA,"False",1.7,230,3,"bipedal_tailless"
191,"Lunatone","Rock","Psychic",440,70,55,65,95,85,70,3,"False","Yellow","False",NA,"Mineral",NA,"False",0.99,168,45,"head_only"
192,"Onix","Rock","Ground",385,35,45,160,30,45,70,1,"False","Grey","True",0.5,"Mineral",NA,"False",8.79,210,45,"serpentine_body"
193,"Roserade","Grass","Poison",515,60,70,65,125,105,90,4,"False","Green","True",0.5,"Fairy","Grass","False",0.89,14.5,75,"bipedal_tailless"
194,"Nincada","Bug","Ground",266,31,45,90,30,30,40,3,"False","Grey","True",0.5,"Bug",NA,"False",0.51,5.5,255,"insectoid"
195,"Combee","Bug","Flying",244,30,30,42,30,42,70,4,"False","Yellow","True",0.875,"Bug",NA,"False",0.3,5.5,120,"multiple_bodies"
196,"Pidgey","Normal","Flying",251,40,45,40,35,35,56,1,"False","Brown","True",0.5,"Flying",NA,"False",0.3,1.8,255,"two_wings"
197,"Togetic","Fairy","Flying",405,55,40,85,80,105,40,2,"False","White","True",0.875,"Flying","Fairy","False",0.61,3.2,75,"bipedal_tailless"
198,"Trapinch","Ground",NA,290,45,100,45,45,45,10,3,"False","Brown","True",0.5,"Bug",NA,"False",0.71,15,255,"insectoid"
199,"Barbaracle","Rock","Water",500,72,105,115,54,86,68,6,"False","Brown","True",0.5,"Water_3",NA,"False",1.3,96,45,"multiple_bodies"
200,"Psyduck","Water",NA,320,50,52,48,65,50,55,1,"False","Yellow","True",0.5,"Water_1","Field","False",0.79,19.6,190,"bipedal_tailed"
201,"Minccino","Normal",NA,300,55,50,40,40,40,75,5,"False","Grey","True",0.25,"Field",NA,"False",0.41,5.8,255,"quadruped"
202,"Cubone","Ground",NA,320,50,50,95,40,50,35,1,"False","Brown","True",0.5,"Monster",NA,"False",0.41,6.5,190,"bipedal_tailed"
203,"Deoxys","Psychic",NA,600,50,150,50,150,50,150,3,"True","Red","False",NA,"Undiscovered",NA,"False",1.7,60.8,3,"bipedal_tailless"
204,"Xatu","Psychic","Flying",470,65,75,70,95,70,95,2,"False","Green","True",0.5,"Flying",NA,"False",1.5,15,75,"two_wings"
205,"Krookodile","Ground","Dark",519,95,117,80,65,70,92,5,"False","Red","True",0.5,"Field",NA,"False",1.5,96.3,45,"bipedal_tailed"
206,"Fennekin","Fire",NA,307,40,45,40,62,60,60,6,"False","Red","True",0.875,"Field",NA,"False",0.41,9.4,45,"quadruped"
207,"Remoraid","Water",NA,300,35,65,35,65,35,65,2,"False","Grey","True",0.5,"Water_1","Water_2","False",0.61,12,190,"with_fins"
208,"Walrein","Ice","Water",530,110,80,90,95,90,65,3,"False","Blue","True",0.5,"Water_1","Field","False",1.4,150.6,45,"quadruped"
209,"Beautifly","Bug","Flying",395,60,70,50,100,50,65,3,"False","Yellow","True",0.5,"Bug",NA,"False",0.99,28.4,45,"four_wings"
210,"Chansey","Normal",NA,450,250,5,5,35,105,50,1,"False","Pink","True",0,"Fairy",NA,"False",1.09,34.6,30,"bipedal_tailed"
211,"Staravia","Normal","Flying",340,55,75,50,40,40,80,4,"False","Brown","True",0.5,"Flying",NA,"False",0.61,15.5,120,"two_wings"
212,"Lickilicky","Normal",NA,515,110,85,95,80,95,50,4,"False","Pink","True",0.5,"Monster",NA,"False",1.7,140,30,"bipedal_tailless"
213,"Cradily","Rock","Grass",495,86,81,97,81,107,43,3,"False","Green","True",0.875,"Water_3",NA,"False",1.5,60.4,45,"head_base"
214,"Unfezant","Normal","Flying",488,80,115,80,65,55,93,5,"False","Grey","True",0.5,"Flying",NA,"False",1.19,29,45,"two_wings"
215,"Ferrothorn","Grass","Steel",489,74,94,131,54,116,20,5,"False","Grey","True",0.5,"Grass","Mineral","False",0.99,110,90,"several_limbs"
216,"Swadloon","Bug","Grass",380,55,63,90,50,80,42,5,"False","Green","True",0.5,"Bug",NA,"False",0.51,7.3,120,"head_arms"
217,"Silcoon","Bug",NA,205,50,35,55,25,25,15,3,"False","White","True",0.5,"Bug",NA,"False",0.61,10,120,"head_only"
218,"Milotic","Water",NA,540,95,60,79,100,125,81,3,"False","Pink","True",0.5,"Water_1","Dragon","False",6.2,162,60,"serpentine_body"
219,"Swirlix","Fairy",NA,341,62,48,66,59,57,49,6,"False","White","True",0.5,"Fairy",NA,"False",0.41,3.5,200,"head_legs"
220,"Lapras","Water","Ice",535,130,85,80,85,95,60,1,"False","Blue","True",0.5,"Monster","Water_1","False",2.49,220,45,"with_fins"
221,"Zebstrika","Electric",NA,497,75,100,63,80,63,116,5,"False","Black","True",0.5,"Field",NA,"False",1.6,79.5,75,"quadruped"
222,"Azurill","Normal","Fairy",190,50,20,40,20,40,20,3,"False","Blue","True",0.25,"Undiscovered",NA,"False",0.2,2,150,"head_legs"
223,"Bronzong","Steel","Psychic",500,67,89,116,79,116,33,4,"False","Green","False",NA,"Mineral",NA,"False",1.3,187,90,"head_arms"
224,"Marshtomp","Water","Ground",405,70,85,70,60,70,50,3,"False","Blue","True",0.875,"Monster","Water_1","False",0.71,28,45,"bipedal_tailed"
225,"Cresselia","Psychic",NA,600,120,70,120,75,130,85,4,"False","Yellow","True",0,"Undiscovered",NA,"False",1.5,85.6,3,"serpentine_body"
226,"Medicham","Fighting","Psychic",410,60,60,75,60,75,80,3,"False","Red","True",0.5,"Human-Like",NA,"True",1.3,31.5,90,"bipedal_tailless"
227,"Swanna","Water","Flying",473,75,87,63,87,63,98,5,"False","White","True",0.5,"Water_1","Flying","False",1.3,24.2,45,"two_wings"
228,"Blissey","Normal",NA,540,255,10,10,75,135,55,2,"False","Pink","True",0,"Fairy",NA,"False",1.5,46.8,30,"bipedal_tailless"
229,"Doduo","Normal","Flying",310,35,85,45,35,35,75,1,"False","Brown","True",0.5,"Flying",NA,"False",1.4,39.2,190,"head_legs"
230,"Kabutops","Rock","Water",495,60,115,105,65,70,80,1,"False","Brown","True",0.875,"Water_1","Water_3","False",1.3,40.5,45,"bipedal_tailed"
231,"Emolga","Electric","Flying",428,55,75,60,75,60,103,5,"False","White","True",0.5,"Field",NA,"False",0.41,5,200,"quadruped"
232,"Raikou","Electric",NA,580,90,85,75,115,100,115,2,"True","Yellow","False",NA,"Undiscovered",NA,"False",1.91,178,3,"quadruped"
233,"Prinplup","Water",NA,405,64,66,68,81,76,50,4,"False","Blue","True",0.875,"Water_1","Field","False",0.79,23,45,"bipedal_tailed"
234,"Geodude","Rock","Ground",300,40,80,100,30,30,20,1,"False","Brown","True",0.5,"Mineral",NA,"False",0.41,20,255,"head_arms"
235,"Klink","Steel",NA,300,40,55,70,45,60,30,5,"False","Grey","False",NA,"Mineral",NA,"False",0.3,21,130,"multiple_bodies"
236,"Pancham","Fighting",NA,348,67,82,62,46,48,43,6,"False","White","True",0.5,"Field","Human-Like","False",0.61,8,220,"bipedal_tailed"
237,"Gastrodon","Water","Ground",475,111,83,68,92,82,39,4,"False","Purple","True",0.5,"Water_1","Amorphous","False",0.89,29.9,75,"serpentine_body"
238,"Gorebyss","Water",NA,485,55,84,105,114,75,52,3,"False","Pink","True",0.5,"Water_1",NA,"False",1.8,22.6,60,"serpentine_body"
239,"Binacle","Rock","Water",306,42,52,67,39,56,50,6,"False","Brown","True",0.5,"Water_3",NA,"False",0.51,31,120,"multiple_bodies"
240,"Sandslash","Ground",NA,450,75,100,110,45,55,65,1,"False","Yellow","True",0.5,"Field",NA,"False",0.99,29.5,90,"bipedal_tailed"
241,"Beartic","Ice",NA,485,95,110,80,70,80,50,5,"False","White","True",0.5,"Field",NA,"False",2.59,260,60,"quadruped"
242,"Marill","Water","Fairy",250,70,20,50,20,50,40,2,"False","Blue","True",0.5,"Water_1","Fairy","False",0.41,8.5,190,"bipedal_tailed"
243,"Finneon","Water",NA,330,49,49,56,49,61,66,4,"False","Blue","True",0.5,"Water_2",NA,"False",0.41,7,190,"with_fins"
244,"Maractus","Grass",NA,461,75,86,67,106,67,60,5,"False","Green","True",0.5,"Grass",NA,"False",0.99,28,255,"head_base"
245,"Donphan","Ground",NA,500,90,120,120,60,60,50,2,"False","Grey","True",0.5,"Field",NA,"False",1.09,120,60,"quadruped"
246,"Deino","Dark","Dragon",300,52,65,50,45,50,38,5,"False","Blue","True",0.5,"Dragon",NA,"False",0.79,17.3,45,"quadruped"
247,"Vulpix","Fire",NA,299,38,41,40,50,65,65,1,"False","Brown","True",0.25,"Field",NA,"False",0.61,9.9,190,"quadruped"
248,"Venipede","Bug","Poison",260,30,45,59,30,39,57,5,"False","Red","True",0.5,"Bug",NA,"False",0.41,5.3,255,"insectoid"
249,"Reuniclus","Psychic",NA,490,110,65,75,125,85,30,5,"False","Green","True",0.5,"Amorphous",NA,"False",0.99,20.1,50,"head_arms"
250,"Houndour","Dark","Fire",330,45,60,30,80,50,65,2,"False","Black","True",0.5,"Field",NA,"False",0.61,10.8,120,"quadruped"
251,"Victini","Psychic","Fire",600,100,100,100,100,100,100,5,"True","Yellow","False",NA,"Undiscovered",NA,"False",0.41,4,3,"bipedal_tailless"
252,"Zorua","Dark",NA,330,40,65,40,80,40,65,5,"False","Grey","True",0.875,"Field",NA,"False",0.71,12.5,75,"quadruped"
253,"Cofagrigus","Ghost",NA,483,58,50,145,95,105,30,5,"False","Yellow","True",0.5,"Mineral","Amorphous","False",1.7,76.5,90,"head_base"
254,"Wartortle","Water",NA,405,59,63,80,65,80,58,1,"False","Blue","True",0.875,"Monster","Water_1","False",0.99,22.5,45,"bipedal_tailed"
255,"Vigoroth","Normal",NA,440,80,80,80,55,55,90,3,"False","White","True",0.5,"Field",NA,"False",1.4,46.5,120,"bipedal_tailed"
256,"Spinarak","Bug","Poison",250,40,60,40,40,40,30,2,"False","Green","True",0.5,"Bug",NA,"False",0.51,8.5,255,"insectoid"
257,"Cleffa","Fairy",NA,218,50,25,28,45,55,15,2,"False","Pink","True",0.25,"Undiscovered",NA,"False",0.3,3,150,"bipedal_tailed"
258,"Meowstic","Psychic",NA,466,74,48,76,83,81,104,6,"False","White","True",0.5,"Field",NA,"False",0.61,8.5,75,"bipedal_tailed"
259,"Tyrogue","Fighting",NA,210,35,35,35,35,35,35,2,"False","Purple","True",1,"Undiscovered",NA,"False",0.71,21,75,"bipedal_tailless"
260,"Girafarig","Normal","Psychic",455,70,80,65,90,65,85,2,"False","Yellow","True",0.5,"Field",NA,"False",1.5,41.5,60,"quadruped"
261,"Empoleon","Water","Steel",530,84,86,88,111,101,60,4,"False","Blue","True",0.875,"Water_1","Field","False",1.7,84.5,45,"bipedal_tailed"
262,"Boldore","Rock",NA,390,70,105,105,50,40,20,5,"False","Blue","True",0.5,"Mineral",NA,"False",0.89,102,120,"several_limbs"
263,"Hoppip","Grass","Flying",250,35,35,40,35,55,50,2,"False","Pink","True",0.5,"Fairy","Grass","False",0.41,0.5,255,"bipedal_tailed"
264,"Elgyem","Psychic",NA,335,55,55,55,85,55,30,5,"False","Grey","True",0.5,"Human-Like",NA,"False",0.51,9,255,"bipedal_tailed"
265,"Karrablast","Bug",NA,315,50,75,45,40,45,60,5,"False","Blue","True",0.5,"Bug",NA,"False",0.51,5.9,200,"bipedal_tailless"
266,"Electrode","Electric",NA,480,60,50,70,80,80,140,1,"False","Red","False",NA,"Mineral",NA,"False",1.19,66.6,60,"head_only"
267,"Haxorus","Dragon",NA,540,76,147,90,60,70,97,5,"False","Yellow","True",0.5,"Monster","Dragon","False",1.8,105.5,45,"bipedal_tailed"
268,"Farfetch'd","Normal","Flying",352,52,65,55,58,62,60,1,"False","Brown","True",0.5,"Flying","Field","False",0.79,15,45,"two_wings"
269,"Ledyba","Bug","Flying",265,40,20,30,40,80,55,2,"False","Red","True",0.5,"Bug",NA,"False",0.99,10.8,255,"two_wings"
270,"Eevee","Normal",NA,325,55,55,50,45,65,55,1,"False","Brown","True",0.875,"Field",NA,"False",0.3,6.5,45,"quadruped"
271,"Huntail","Water",NA,485,55,104,105,94,75,52,3,"False","Blue","True",0.5,"Water_1",NA,"False",1.7,27,60,"serpentine_body"
272,"Gabite","Dragon","Ground",410,68,90,65,50,55,82,4,"False","Blue","True",0.5,"Monster","Dragon","False",1.4,56,45,"bipedal_tailed"
273,"Tympole","Water",NA,294,50,50,40,50,40,64,5,"False","Blue","True",0.5,"Water_1",NA,"False",0.51,4.5,255,"with_fins"
274,"Omastar","Rock","Water",495,70,60,125,115,70,55,1,"False","Blue","True",0.875,"Water_1","Water_3","False",0.99,35,45,"several_limbs"
275,"Klang","Steel",NA,440,60,80,95,70,85,50,5,"False","Grey","False",NA,"Mineral",NA,"False",0.61,51,60,"multiple_bodies"
276,"Magnemite","Electric","Steel",325,25,35,70,95,55,45,1,"False","Grey","False",NA,"Mineral",NA,"False",0.3,6,190,"head_arms"
277,"Poliwag","Water",NA,300,40,50,40,40,40,90,1,"False","Blue","True",0.5,"Water_1",NA,"False",0.61,12.4,255,"head_legs"
278,"Kricketune","Bug",NA,384,77,85,51,55,51,65,4,"False","Red","True",0.5,"Bug",NA,"False",0.99,25.5,45,"four_wings"
279,"Blaziken","Fire","Fighting",530,80,120,70,110,70,80,3,"False","Red","True",0.875,"Field",NA,"True",1.91,52,45,"bipedal_tailed"
280,"Aron","Steel","Rock",330,50,70,100,40,40,30,3,"False","Grey","True",0.5,"Monster",NA,"False",0.41,60,180,"quadruped"
281,"Heliolisk","Electric","Normal",481,62,55,52,109,94,109,6,"False","Yellow","True",0.5,"Monster","Dragon","False",0.99,21,75,"bipedal_tailed"
282,"Buneary","Normal",NA,350,55,66,44,44,56,85,4,"False","Brown","True",0.5,"Field","Human-Like","False",0.41,5.5,190,"bipedal_tailed"
283,"Gulpin","Poison",NA,302,70,43,53,43,53,40,3,"False","Green","True",0.5,"Amorphous",NA,"False",0.41,10.3,225,"head_arms"
284,"Drowzee","Psychic",NA,328,60,48,45,43,90,42,1,"False","Yellow","True",0.5,"Human-Like",NA,"False",0.99,32.4,190,"bipedal_tailless"
285,"Clauncher","Water",NA,330,50,53,62,58,63,44,6,"False","Blue","True",0.5,"Water_1","Water_3","False",0.51,8.3,225,"insectoid"
286,"Goldeen","Water",NA,320,45,67,60,35,50,63,1,"False","Red","True",0.5,"Water_2",NA,"False",0.61,15,225,"with_fins"
287,"Lotad","Water","Grass",220,40,30,30,40,50,30,3,"False","Green","True",0.5,"Water_1","Grass","False",0.51,2.6,255,"insectoid"
288,"Poliwrath","Water","Fighting",510,90,95,95,70,90,70,1,"False","Blue","True",0.5,"Water_1",NA,"False",1.3,54,45,"bipedal_tailless"
289,"Zapdos","Electric","Flying",580,90,90,85,125,90,100,1,"True","Yellow","False",NA,"Undiscovered",NA,"False",1.6,52.6,3,"two_wings"
290,"Conkeldurr","Fighting",NA,505,105,140,95,55,65,45,5,"False","Grey","True",0.75,"Human-Like",NA,"False",1.4,87,45,"bipedal_tailless"
291,"Articuno","Ice","Flying",580,90,85,100,95,125,85,1,"True","Blue","False",NA,"Undiscovered",NA,"False",1.7,55.4,3,"two_wings"
292,"Muk","Poison",NA,500,105,105,75,65,100,50,1,"False","Purple","True",0.5,"Amorphous",NA,"False",1.19,30,75,"head_arms"
293,"Slakoth","Normal",NA,280,60,60,60,35,35,30,3,"False","Brown","True",0.5,"Field",NA,"False",0.79,24,255,"quadruped"
294,"Masquerain","Bug","Flying",414,70,60,62,80,82,60,3,"False","Blue","True",0.5,"Water_1","Bug","False",0.79,3.6,75,"four_wings"
295,"Simisage","Grass",NA,498,75,98,63,98,63,101,5,"False","Green","True",0.875,"Field",NA,"False",1.09,30.5,75,"bipedal_tailed"
296,"Machamp","Fighting",NA,505,90,130,80,65,85,55,1,"False","Grey","True",0.75,"Human-Like",NA,"False",1.6,130,45,"bipedal_tailless"
297,"Voltorb","Electric",NA,330,40,30,50,55,55,100,1,"False","Red","False",NA,"Mineral",NA,"False",0.51,10.4,190,"head_only"
298,"Seaking","Water",NA,450,80,92,65,65,80,68,1,"False","Red","True",0.5,"Water_2",NA,"False",1.3,39,60,"with_fins"
299,"Bronzor","Steel","Psychic",300,57,24,86,24,86,23,4,"False","Green","False",NA,"Mineral",NA,"False",0.51,60.5,255,"head_only"
300,"Piloswine","Ice","Ground",450,100,100,80,60,60,50,2,"False","Brown","True",0.5,"Field",NA,"False",1.09,55.8,75,"quadruped"
301,"Wigglytuff","Normal","Fairy",435,140,70,45,85,50,45,1,"False","Pink","True",0.25,"Fairy",NA,"False",0.99,12,50,"bipedal_tailless"
302,"Seismitoad","Water","Ground",509,105,95,75,85,75,74,5,"False","Blue","True",0.5,"Water_1",NA,"False",1.5,62,45,"bipedal_tailless"
303,"Beedrill","Bug","Poison",395,65,90,40,45,80,75,1,"False","Yellow","True",0.5,"Bug",NA,"True",0.99,29.5,45,"four_wings"
304,"Cyndaquil","Fire",NA,309,39,52,43,60,50,65,2,"False","Yellow","True",0.875,"Field",NA,"False",0.51,7.9,45,"bipedal_tailless"
305,"Alomomola","Water",NA,470,165,75,80,40,45,65,5,"False","Pink","True",0.5,"Water_1","Water_2","False",1.19,31.6,75,"with_fins"
306,"Slowbro","Water","Psychic",490,95,75,110,100,80,30,1,"False","Pink","True",0.5,"Monster","Water_1","True",1.6,78.5,75,"bipedal_tailed"
307,"Gothita","Psychic",NA,290,45,30,50,55,65,45,5,"False","Purple","True",0.25,"Human-Like",NA,"False",0.41,5.8,200,"bipedal_tailless"
308,"Barboach","Water","Ground",288,50,48,43,46,41,60,3,"False","Grey","True",0.5,"Water_2",NA,"False",0.41,1.9,190,"with_fins"
309,"Chandelure","Ghost","Fire",520,60,55,90,145,90,80,5,"False","Black","True",0.5,"Amorphous",NA,"False",0.99,34.3,45,"head_arms"
310,"Whismur","Normal",NA,240,64,51,23,51,23,28,3,"False","Pink","True",0.5,"Monster","Field","False",0.61,16.3,190,"bipedal_tailed"
311,"Clawitzer","Water",NA,500,71,73,88,120,89,59,6,"False","Blue","True",0.5,"Water_1","Water_3","False",1.3,35.3,55,"serpentine_body"
312,"Cascoon","Bug",NA,205,50,35,55,25,25,15,3,"False","Purple","True",0.5,"Bug",NA,"False",0.71,11.5,120,"head_only"
313,"Weepinbell","Grass","Poison",390,65,90,50,85,45,55,1,"False","Green","True",0.5,"Grass",NA,"False",0.99,6.4,120,"head_base"
314,"Regice","Ice",NA,580,80,50,100,100,200,50,3,"True","Blue","False",NA,"Undiscovered",NA,"False",1.8,175,3,"bipedal_tailless"
315,"Slowking","Water","Psychic",490,95,75,80,100,110,30,2,"False","Pink","True",0.5,"Monster","Water_1","False",2.01,79.5,70,"bipedal_tailed"
316,"Burmy","Bug",NA,224,40,29,45,29,45,36,4,"False","Grey","True",0.5,"Bug",NA,"False",0.2,3.4,120,"head_base"
317,"Accelgor","Bug",NA,495,80,70,40,100,60,145,5,"False","Red","True",0.5,"Bug",NA,"False",0.79,25.3,75,"head_arms"
318,"Unown","Psychic",NA,336,48,72,48,72,48,48,2,"False","Black","False",NA,"Undiscovered",NA,"False",0.51,5,225,"head_only"
319,"Spinda","Normal",NA,360,60,60,60,60,60,60,3,"False","Brown","True",0.5,"Field","Human-Like","False",1.09,5,255,"bipedal_tailed"
320,"Archen","Rock","Flying",401,55,112,45,74,45,70,5,"False","Yellow","True",0.875,"Flying","Water_3","False",0.51,9.5,45,"two_wings"
321,"Jynx","Ice","Psychic",455,65,50,35,115,95,95,1,"False","Red","True",0,"Human-Like",NA,"False",1.4,40.6,45,"bipedal_tailless"
322,"Patrat","Normal",NA,255,45,55,39,35,39,42,5,"False","Brown","True",0.5,"Field",NA,"False",0.51,11.6,255,"quadruped"
323,"Pichu","Electric",NA,205,20,40,15,35,35,60,2,"False","Yellow","True",0.5,"Undiscovered",NA,"False",0.3,2,190,"quadruped"
324,"Toxicroak","Poison","Fighting",490,83,106,65,86,65,85,4,"False","Blue","True",0.5,"Human-Like",NA,"False",1.3,44.4,75,"bipedal_tailless"
325,"Glaceon","Ice",NA,525,65,60,110,130,95,65,4,"False","Blue","True",0.875,"Field",NA,"False",0.79,25.9,45,"quadruped"
326,"Vivillon","Bug","Flying",411,80,52,50,90,50,89,6,"False","Black","True",0.5,"Bug",NA,"False",1.19,17,45,"four_wings"
327,"Vanillish","Ice",NA,395,51,65,65,80,75,59,5,"False","White","True",0.5,"Mineral",NA,"False",1.09,41,120,"head_base"
328,"Reshiram","Dragon","Fire",680,100,120,100,150,120,90,5,"True","White","False",NA,"Undiscovered",NA,"False",3.2,330,3,"two_wings"
329,"Mantyke","Water","Flying",345,45,20,50,60,120,50,4,"False","Blue","True",0.5,"Undiscovered",NA,"False",0.99,65,25,"two_wings"
330,"Carvanha","Water","Dark",305,45,90,20,65,20,65,3,"False","Red","True",0.5,"Water_2",NA,"False",0.79,20.8,225,"with_fins"
331,"Rapidash","Fire",NA,500,65,100,70,80,80,105,1,"False","Yellow","True",0.5,"Field",NA,"False",1.7,95,60,"quadruped"
332,"Joltik","Bug","Electric",319,50,47,50,57,50,65,5,"False","Yellow","True",0.5,"Bug",NA,"False",0.1,0.6,190,"insectoid"
333,"Pidove","Normal","Flying",264,50,55,50,36,30,43,5,"False","Grey","True",0.5,"Flying",NA,"False",0.3,2.1,255,"two_wings"
334,"Snorlax","Normal",NA,540,160,110,65,65,110,30,1,"False","Black","True",0.875,"Monster",NA,"False",2.11,460,25,"bipedal_tailless"
335,"Hoopa","Psychic","Ghost",600,80,110,60,150,130,70,6,"True","Purple","False",NA,"Undiscovered",NA,"False",0.51,9,3,"head_only"
336,"Corsola","Water","Rock",380,55,55,85,65,85,35,2,"False","Pink","True",0.25,"Water_1","Water_3","False",0.61,5,60,"insectoid"
337,"Audino","Normal",NA,445,103,60,86,60,86,50,5,"False","Pink","True",0.5,"Fairy",NA,"True",1.09,31,255,"bipedal_tailed"
338,"Ursaring","Normal",NA,500,90,130,75,75,75,55,2,"False","Brown","True",0.5,"Field",NA,"False",1.8,125.8,60,"bipedal_tailed"
339,"Machop","Fighting",NA,305,70,80,50,35,35,35,1,"False","Grey","True",0.75,"Human-Like",NA,"False",0.79,19.5,180,"bipedal_tailed"
340,"Celebi","Psychic","Grass",600,100,100,100,100,100,100,2,"False","Green","False",NA,"Undiscovered",NA,"False",0.61,5,45,"bipedal_tailless"
341,"Diancie","Rock","Fairy",600,50,100,150,100,150,50,6,"True","Pink","False",NA,"Undiscovered",NA,"True",0.71,8.8,3,"head_arms"
342,"Mienshao","Fighting",NA,510,65,125,60,95,60,105,5,"False","Purple","True",0.5,"Field","Human-Like","False",1.4,35.5,45,"bipedal_tailed"
343,"Alakazam","Psychic",NA,500,55,50,45,135,95,120,1,"False","Brown","True",0.75,"Human-Like",NA,"True",1.5,48,50,"bipedal_tailless"
344,"Pansage","Grass",NA,316,50,53,48,53,48,64,5,"False","Green","True",0.875,"Field",NA,"False",0.61,10.5,190,"bipedal_tailed"
345,"Treecko","Grass",NA,310,40,45,35,65,55,70,3,"False","Green","True",0.875,"Monster","Dragon","False",0.51,5,45,"bipedal_tailed"
346,"Terrakion","Rock","Fighting",580,91,129,90,72,90,108,5,"True","Grey","False",NA,"Undiscovered",NA,"False",1.91,260,3,"quadruped"
347,"Axew","Dragon",NA,320,46,87,60,30,40,57,5,"False","Green","True",0.5,"Monster","Dragon","False",0.61,18,75,"bipedal_tailed"
348,"Pikachu","Electric",NA,320,35,55,40,50,50,90,1,"False","Yellow","True",0.5,"Field","Fairy","False",0.41,6,190,"quadruped"
349,"Ditto","Normal",NA,288,48,48,48,48,48,48,1,"False","Purple","False",NA,"Ditto",NA,"False",0.3,4,35,"head_only"
350,"Wynaut","Psychic",NA,260,95,23,48,23,48,23,3,"False","Blue","True",0.5,"Undiscovered",NA,"False",0.61,14,125,"bipedal_tailed"
351,"Kakuna","Bug","Poison",205,45,25,50,25,25,35,1,"False","Yellow","True",0.5,"Bug",NA,"False",0.61,10,120,"serpentine_body"
352,"Ekans","Poison",NA,288,35,60,44,40,54,55,1,"False","Purple","True",0.5,"Field","Dragon","False",2.01,6.9,255,"serpentine_body"
353,"Poochyena","Dark",NA,220,35,55,35,30,30,35,3,"False","Grey","True",0.5,"Field",NA,"False",0.51,13.6,255,"quadruped"
354,"Magneton","Electric","Steel",465,50,60,95,120,70,70,1,"False","Grey","False",NA,"Mineral",NA,"False",0.99,60,60,"multiple_bodies"
355,"Tauros","Normal",NA,490,75,100,95,40,70,110,1,"False","Brown","True",1,"Field",NA,"False",1.4,88.4,45,"quadruped"
356,"Chespin","Grass",NA,313,56,61,65,48,45,38,6,"False","Green","True",0.875,"Field",NA,"False",0.41,9,45,"bipedal_tailed"
357,"Venomoth","Bug","Poison",450,70,65,60,90,75,90,1,"False","Purple","True",0.5,"Bug",NA,"False",1.5,12.5,75,"four_wings"
358,"Fletchinder","Fire","Flying",382,62,73,55,56,52,84,6,"False","Red","True",0.5,"Flying",NA,"False",0.71,16,120,"two_wings"
359,"Blitzle","Electric",NA,295,45,60,32,50,32,76,5,"False","Black","True",0.5,"Field",NA,"False",0.79,29.8,190,"quadruped"
360,"Grimer","Poison",NA,325,80,80,50,40,50,25,1,"False","Purple","True",0.5,"Amorphous",NA,"False",0.89,30,190,"head_arms"
361,"Spritzee","Fairy",NA,341,78,52,60,63,65,23,6,"False","Pink","True",0.5,"Fairy",NA,"False",0.2,0.5,200,"head_arms"
362,"Electrike","Electric",NA,295,40,45,40,65,40,65,3,"False","Green","True",0.5,"Field",NA,"False",0.61,15.2,120,"quadruped"
363,"Feraligatr","Water",NA,530,85,105,100,79,83,78,2,"False","Blue","True",0.875,"Monster","Water_1","False",2.31,88.8,45,"bipedal_tailed"
364,"Togepi","Fairy",NA,245,35,20,65,40,65,20,2,"False","White","True",0.875,"Undiscovered",NA,"False",0.3,1.5,190,"bipedal_tailless"
365,"Vaporeon","Water",NA,525,130,65,60,110,95,65,1,"False","Blue","True",0.875,"Field",NA,"False",0.99,29,45,"quadruped"
366,"Furfrou","Normal",NA,472,75,80,60,65,90,102,6,"False","White","True",0.5,"Field",NA,"False",1.19,28,160,"quadruped"
367,"Ludicolo","Water","Grass",480,80,70,70,90,100,70,3,"False","Green","True",0.5,"Water_1","Grass","False",1.5,55,45,"bipedal_tailless"
368,"Tynamo","Electric",NA,275,35,55,40,45,40,60,5,"False","White","True",0.5,"Amorphous",NA,"False",0.2,0.3,190,"with_fins"
369,"Grotle","Grass",NA,405,75,89,85,55,65,36,4,"False","Green","True",0.875,"Monster","Grass","False",1.09,97,45,"quadruped"
370,"Misdreavus","Ghost",NA,435,60,60,60,85,85,85,2,"False","Purple","True",0.5,"Amorphous",NA,"False",0.71,1,45,"head_only"
371,"Flareon","Fire",NA,525,65,130,60,95,110,65,1,"False","Red","True",0.875,"Field",NA,"False",0.89,25,45,"quadruped"
372,"Venusaur","Grass","Poison",525,80,82,83,100,100,80,1,"False","Green","True",0.875,"Monster","Grass","True",2.01,100,45,"quadruped"
373,"Woobat","Psychic","Flying",313,55,45,43,55,43,72,5,"False","Blue","True",0.5,"Field","Flying","False",0.41,2.1,190,"two_wings"
374,"Skiddo","Grass",NA,350,66,65,48,62,57,52,6,"False","Brown","True",0.5,"Field",NA,"False",0.89,31,200,"quadruped"
375,"Turtwig","Grass",NA,318,55,68,64,45,55,31,4,"False","Green","True",0.875,"Monster","Grass","False",0.41,10.2,45,"quadruped"
376,"Kricketot","Bug",NA,194,37,25,41,25,41,25,4,"False","Red","True",0.5,"Bug",NA,"False",0.3,2.2,255,"bipedal_tailless"
377,"Mankey","Fighting",NA,305,40,80,35,35,45,70,1,"False","Brown","True",0.5,"Field",NA,"False",0.51,28,190,"bipedal_tailed"
378,"Stunfisk","Ground","Electric",471,109,66,84,81,99,32,5,"False","Brown","True",0.5,"Water_1","Amorphous","False",0.71,11,75,"with_fins"
379,"Cinccino","Normal",NA,470,75,95,60,65,60,115,5,"False","Grey","True",0.25,"Field",NA,"False",0.51,7.5,60,"quadruped"
380,"Swoobat","Psychic","Flying",425,67,57,55,77,55,114,5,"False","Blue","True",0.5,"Field","Flying","False",0.89,10.5,45,"two_wings"
381,"Cloyster","Water","Ice",525,50,95,180,85,45,70,1,"False","Purple","True",0.5,"Water_3",NA,"False",1.5,132.5,60,"head_only"
382,"Uxie","Psychic",NA,580,75,75,130,75,130,95,4,"True","Yellow","False",NA,"Undiscovered",NA,"False",0.3,0.3,3,"bipedal_tailed"
383,"Bellsprout","Grass","Poison",300,50,75,35,70,30,40,1,"False","Green","True",0.5,"Grass",NA,"False",0.71,4,255,"bipedal_tailless"
384,"Stoutland","Normal",NA,500,85,110,90,45,90,80,5,"False","Grey","True",0.5,"Field",NA,"False",1.19,61,45,"quadruped"
385,"Caterpie","Bug",NA,195,45,30,35,20,20,45,1,"False","Green","True",0.5,"Bug",NA,"False",0.3,2.9,255,"insectoid"
386,"Honedge","Steel","Ghost",325,45,80,100,35,37,28,6,"False","Brown","True",0.5,"Mineral",NA,"False",0.79,2,180,"head_base"
387,"Phione","Water",NA,480,80,80,80,80,80,80,4,"False","Blue","False",NA,"Water_1","Fairy","False",0.41,3.1,30,"head_arms"
388,"Carbink","Rock","Fairy",500,50,50,150,50,150,50,6,"False","Grey","False",NA,"Fairy","Mineral","False",0.3,5.7,60,"head_only"
389,"Tyrunt","Rock","Dragon",362,58,89,77,45,45,48,6,"False","Brown","True",0.875,"Monster","Dragon","False",0.79,26,45,"bipedal_tailed"
390,"Clefable","Fairy",NA,483,95,70,73,95,90,60,1,"False","Pink","True",0.25,"Fairy",NA,"False",1.3,40,25,"bipedal_tailed"
391,"Liepard","Dark",NA,446,64,88,50,88,50,106,5,"False","Purple","True",0.5,"Field",NA,"False",1.09,37.5,90,"quadruped"
392,"Basculin","Water",NA,460,70,92,65,80,55,98,5,"False","Green","True",0.5,"Water_2",NA,"False",0.99,18,25,"with_fins"
393,"Paras","Bug","Grass",285,35,70,55,45,55,25,1,"False","Red","True",0.5,"Bug","Grass","False",0.3,5.4,190,"insectoid"
394,"Croagunk","Poison","Fighting",300,48,61,40,61,40,50,4,"False","Blue","True",0.5,"Human-Like",NA,"False",0.71,23,140,"bipedal_tailless"
395,"Cherubi","Grass",NA,275,45,35,45,62,53,35,4,"False","Pink","True",0.5,"Fairy","Grass","False",0.41,3.3,190,"multiple_bodies"
396,"Miltank","Normal",NA,490,95,80,105,40,70,100,2,"False","Pink","True",0,"Field",NA,"False",1.19,75.5,45,"bipedal_tailed"
397,"Quilladin","Grass",NA,405,61,78,95,56,58,57,6,"False","Green","True",0.875,"Field",NA,"False",0.71,29,45,"bipedal_tailed"
398,"Loudred","Normal",NA,360,84,71,43,71,43,48,3,"False","Blue","True",0.5,"Monster","Field","False",0.99,40.5,120,"bipedal_tailed"
399,"Mightyena","Dark",NA,420,70,90,70,60,60,70,3,"False","Grey","True",0.5,"Field",NA,"False",0.99,37,127,"quadruped"
400,"Infernape","Fire","Fighting",534,76,104,71,104,71,108,4,"False","Brown","True",0.875,"Field","Human-Like","False",1.19,55,45,"bipedal_tailed"
401,"Sableye","Dark","Ghost",380,50,75,75,65,65,50,3,"False","Purple","True",0.5,"Human-Like",NA,"True",0.51,11,45,"bipedal_tailless"
402,"Ledian","Bug","Flying",390,55,35,50,55,110,85,2,"False","Red","True",0.5,"Bug",NA,"False",1.4,35.6,90,"two_wings"
403,"Spiritomb","Ghost","Dark",485,50,92,108,92,108,35,4,"False","Purple","True",0.5,"Amorphous",NA,"False",0.99,108,100,"head_base"
404,"Slugma","Fire",NA,250,40,40,40,70,40,20,2,"False","Red","True",0.5,"Amorphous",NA,"False",0.71,35,190,"serpentine_body"
405,"Timburr","Fighting",NA,305,75,80,55,25,35,35,5,"False","Grey","True",0.75,"Human-Like",NA,"False",0.61,12.5,180,"bipedal_tailless"
406,"Lilligant","Grass",NA,480,70,60,75,110,75,90,5,"False","Green","True",0,"Grass",NA,"False",1.09,16.3,75,"head_base"
407,"Nosepass","Rock",NA,375,30,45,135,45,90,30,3,"False","Grey","True",0.5,"Mineral",NA,"False",0.99,97,255,"bipedal_tailless"
408,"Magnezone","Electric","Steel",535,70,70,115,130,90,60,4,"False","Grey","False",NA,"Mineral",NA,"False",1.19,180,30,"head_arms"
409,"Leavanny","Bug","Grass",500,75,103,80,70,80,92,5,"False","Yellow","True",0.5,"Bug",NA,"False",1.19,20.5,45,"bipedal_tailless"
410,"Spoink","Psychic",NA,330,60,25,35,70,80,60,3,"False","Black","True",0.5,"Field",NA,"False",0.71,30.6,255,"head_arms"
411,"Zygarde","Dragon","Ground",600,108,100,121,81,95,95,6,"True","Green","False",NA,"Undiscovered",NA,"False",5,305,3,"serpentine_body"
412,"Gible","Dragon","Ground",300,58,70,45,40,45,42,4,"False","Blue","True",0.5,"Monster","Dragon","False",0.71,20.5,45,"bipedal_tailed"
413,"Solosis","Psychic",NA,290,45,30,40,105,50,20,5,"False","Green","True",0.5,"Amorphous",NA,"False",0.3,1,200,"head_only"
414,"Plusle","Electric",NA,405,60,50,40,85,75,95,3,"False","Yellow","True",0.5,"Fairy",NA,"False",0.41,4.2,200,"bipedal_tailed"
415,"Shelgon","Dragon",NA,420,65,95,100,60,50,50,3,"False","White","True",0.5,"Dragon",NA,"False",1.09,110.5,45,"quadruped"
416,"Bellossom","Grass",NA,490,75,80,95,90,100,50,2,"False","Green","True",0.5,"Grass",NA,"False",0.41,5.8,45,"bipedal_tailless"
417,"Dragonite","Dragon","Flying",600,91,134,95,100,100,80,1,"False","Brown","True",0.5,"Water_1","Dragon","False",2.21,210,45,"bipedal_tailed"
418,"Gigalith","Rock",NA,515,85,135,130,60,80,25,5,"False","Blue","True",0.5,"Mineral",NA,"False",1.7,260,45,"several_limbs"
419,"Raticate","Normal",NA,413,55,81,60,50,70,97,1,"False","Brown","True",0.5,"Field",NA,"False",0.71,18.5,127,"quadruped"
420,"Hydreigon","Dark","Dragon",600,92,105,90,125,90,98,5,"False","Blue","True",0.5,"Dragon",NA,"False",1.8,160,45,"bipedal_tailed"
421,"Herdier","Normal",NA,370,65,80,65,35,65,60,5,"False","Grey","True",0.5,"Field",NA,"False",0.89,14.7,120,"quadruped"
422,"Virizion","Grass","Fighting",580,91,90,72,90,129,108,5,"True","Green","False",NA,"Undiscovered",NA,"False",2.01,200,3,"quadruped"
423,"Weavile","Dark","Ice",510,70,120,65,45,85,125,4,"False","Black","True",0.5,"Field",NA,"False",1.09,34,45,"bipedal_tailed"
424,"Butterfree","Bug","Flying",395,60,45,50,90,80,70,1,"False","White","True",0.5,"Bug",NA,"False",1.09,32,45,"four_wings"
425,"Keldeo","Water","Fighting",580,91,72,90,129,90,108,5,"False","Yellow","False",NA,"Undiscovered",NA,"False",1.4,48.5,3,"quadruped"
426,"Shellder","Water",NA,305,30,65,100,45,25,40,1,"False","Purple","True",0.5,"Water_3",NA,"False",0.3,4,190,"head_only"
427,"Lopunny","Normal",NA,480,65,76,84,54,96,105,4,"False","Brown","True",0.5,"Field","Human-Like","True",1.19,33.3,60,"bipedal_tailed"
428,"Bidoof","Normal",NA,250,59,45,40,35,40,31,4,"False","Brown","True",0.5,"Water_1","Field","False",0.51,20,255,"quadruped"
429,"Scatterbug","Bug",NA,200,38,35,40,27,25,35,6,"False","Black","True",0.5,"Bug",NA,"False",0.3,2.5,255,"insectoid"
430,"Blastoise","Water",NA,530,79,83,100,85,105,78,1,"False","Blue","True",0.875,"Monster","Water_1","True",1.6,85.5,45,"bipedal_tailed"
431,"Suicune","Water",NA,580,100,75,115,90,115,85,2,"True","Blue","False",NA,"Undiscovered",NA,"False",2.01,187,3,"quadruped"
432,"Glalie","Ice",NA,480,80,80,80,80,80,80,3,"False","Grey","True",0.5,"Fairy","Mineral","True",1.5,256.5,75,"head_only"
433,"Mothim","Bug","Flying",424,70,94,50,94,50,66,4,"False","Yellow","True",1,"Bug",NA,"False",0.89,23.3,45,"four_wings"
434,"Volcarona","Bug","Fire",550,85,60,65,135,105,100,5,"False","White","True",0.5,"Bug",NA,"False",1.6,46,15,"four_wings"
435,"Starmie","Water","Psychic",520,60,75,85,100,85,115,1,"False","Purple","False",NA,"Water_3",NA,"False",1.09,80,60,"head_base"
436,"Sylveon","Fairy",NA,525,95,65,65,110,130,60,6,"False","Pink","True",0.875,"Field",NA,"False",0.99,23.5,45,"quadruped"
437,"Golduck","Water",NA,500,80,82,78,95,80,85,1,"False","Blue","True",0.5,"Water_1","Field","False",1.7,76.6,75,"bipedal_tailed"
438,"Inkay","Dark","Psychic",288,53,54,53,37,46,45,6,"False","Blue","True",0.5,"Water_1","Water_2","False",0.41,3.5,190,"several_limbs"
439,"Vanillite","Ice",NA,305,36,50,50,65,60,44,5,"False","White","True",0.5,"Mineral",NA,"False",0.41,5.7,255,"head_base"
440,"Petilil","Grass",NA,280,45,35,50,70,50,30,5,"False","Green","True",0,"Grass",NA,"False",0.51,6.6,190,"head_base"
441,"Gourgeist","Ghost","Grass",494,65,90,122,58,75,84,6,"False","Brown","True",0.5,"Amorphous",NA,"False",1.7,39,60,"head_base"
442,"Darumaka","Fire",NA,315,70,90,45,15,45,50,5,"False","Red","True",0.5,"Field",NA,"False",0.61,37.5,120,"bipedal_tailless"
443,"Tentacruel","Water","Poison",515,80,70,65,80,120,100,1,"False","Blue","True",0.5,"Water_3",NA,"False",1.6,55,60,"several_limbs"
444,"Espeon","Psychic",NA,525,65,65,60,130,95,110,2,"False","Purple","True",0.875,"Field",NA,"False",0.89,26.5,45,"quadruped"
445,"Sandile","Ground","Dark",292,50,72,35,35,35,65,5,"False","Brown","True",0.5,"Field",NA,"False",0.71,15.2,180,"quadruped"
446,"Scraggy","Dark","Fighting",348,50,75,70,35,70,48,5,"False","Yellow","True",0.5,"Field","Dragon","False",0.61,11.8,180,"bipedal_tailed"
447,"Heracross","Bug","Fighting",500,80,125,75,40,95,85,2,"False","Blue","True",0.5,"Bug",NA,"True",1.5,54,45,"bipedal_tailless"
448,"Seedot","Grass",NA,220,40,40,50,30,30,30,3,"False","Brown","True",0.5,"Field","Grass","False",0.51,4,255,"head_legs"
449,"Zangoose","Normal",NA,458,73,115,60,60,60,90,3,"False","White","True",0.5,"Field",NA,"False",1.3,40.3,90,"bipedal_tailed"
450,"Umbreon","Dark",NA,525,95,65,110,60,130,65,2,"False","Black","True",0.875,"Field",NA,"False",0.99,27,45,"quadruped"
451,"Octillery","Water",NA,480,75,105,75,105,75,45,2,"False","Red","True",0.5,"Water_1","Water_2","False",0.89,28.5,75,"several_limbs"
452,"Vespiquen","Bug","Flying",474,70,80,102,80,102,40,4,"False","Yellow","True",0,"Bug",NA,"False",1.19,38.5,45,"four_wings"
453,"Mienfoo","Fighting",NA,350,45,85,50,55,50,65,5,"False","Yellow","True",0.5,"Field","Human-Like","False",0.89,20,180,"bipedal_tailed"
454,"Bagon","Dragon",NA,300,45,75,60,40,30,50,3,"False","Blue","True",0.5,"Dragon",NA,"False",0.61,42.1,45,"bipedal_tailless"
455,"Palpitoad","Water","Ground",384,75,65,55,65,55,69,5,"False","Blue","True",0.5,"Water_1",NA,"False",0.79,17,120,"bipedal_tailed"
456,"Luvdisc","Water",NA,330,43,30,55,40,65,97,3,"False","Pink","True",0.25,"Water_2",NA,"False",0.61,8.7,225,"with_fins"
457,"Dusknoir","Ghost",NA,525,45,100,135,65,135,45,4,"False","Black","True",0.5,"Amorphous",NA,"False",2.21,106.6,45,"head_arms"
458,"Seadra","Water",NA,440,55,65,95,95,45,85,1,"False","Blue","True",0.5,"Water_1","Dragon","False",1.19,25,75,"head_base"
459,"Wailmer","Water",NA,400,130,70,35,70,35,60,3,"False","Blue","True",0.5,"Field","Water_2","False",2.01,130,125,"with_fins"
460,"Magmortar","Fire",NA,540,75,95,67,125,95,83,4,"False","Red","True",0.75,"Human-Like",NA,"False",1.6,68,30,"bipedal_tailed"
461,"Deerling","Normal","Grass",335,60,60,50,40,50,75,5,"False","Yellow","True",0.5,"Field",NA,"False",0.61,19.5,190,"quadruped"
462,"Rayquaza","Dragon","Flying",680,105,150,90,150,90,95,3,"True","Green","False",NA,"Undiscovered",NA,"True",7.01,206.5,45,"serpentine_body"
463,"Horsea","Water",NA,295,30,40,70,70,25,60,1,"False","Blue","True",0.5,"Water_1","Dragon","False",0.41,8,225,"head_base"
464,"Quilava","Fire",NA,405,58,64,58,80,65,80,2,"False","Yellow","True",0.875,"Field",NA,"False",0.89,19,45,"quadruped"
465,"Hitmonchan","Fighting",NA,455,50,105,79,35,110,76,1,"False","Brown","True",1,"Human-Like",NA,"False",1.4,50.2,45,"bipedal_tailless"
466,"Illumise","Bug",NA,400,65,47,55,73,75,85,3,"False","Purple","True",0,"Bug","Human-Like","False",0.61,17.7,150,"bipedal_tailless"
467,"Fraxure","Dragon",NA,410,66,117,70,40,50,67,5,"False","Green","True",0.5,"Monster","Dragon","False",0.99,36,60,"bipedal_tailed"
468,"Chikorita","Grass",NA,318,45,49,65,49,65,45,2,"False","Green","True",0.875,"Monster","Grass","False",0.89,6.4,45,"quadruped"
469,"Slurpuff","Fairy",NA,480,82,80,86,85,75,72,6,"False","White","True",0.5,"Fairy",NA,"False",0.79,5,140,"bipedal_tailless"
470,"Skorupi","Poison","Bug",330,40,50,90,30,55,65,4,"False","Purple","True",0.5,"Bug","Water_3","False",0.79,12,120,"insectoid"
471,"Pignite","Fire","Fighting",418,90,93,55,70,55,55,5,"False","Red","True",0.875,"Field",NA,"False",0.99,55.5,45,"bipedal_tailed"
472,"Galvantula","Bug","Electric",472,70,77,60,97,60,108,5,"False","Yellow","True",0.5,"Bug",NA,"False",0.79,14.3,75,"insectoid"
473,"Torchic","Fire",NA,310,45,60,40,70,50,45,3,"False","Red","True",0.875,"Field",NA,"False",0.41,2.5,45,"head_legs"
474,"Yanmega","Bug","Flying",515,86,76,86,116,56,95,4,"False","Green","True",0.5,"Bug",NA,"False",1.91,51.5,30,"four_wings"
475,"Ralts","Psychic","Fairy",198,28,25,25,45,35,40,3,"False","White","True",0.5,"Amorphous",NA,"False",0.41,6.6,235,"bipedal_tailless"
476,"Glameow","Normal",NA,310,49,55,42,42,37,85,4,"False","Grey","True",0.25,"Field",NA,"False",0.51,3.9,190,"quadruped"
477,"Baltoy","Ground","Psychic",300,40,40,55,40,70,55,3,"False","Brown","False",NA,"Mineral",NA,"False",0.51,21.5,255,"head_arms"
478,"Kyurem","Dragon","Ice",660,125,130,90,130,90,95,5,"True","Grey","False",NA,"Undiscovered",NA,"False",3,325,3,"bipedal_tailed"
479,"Venonat","Bug","Poison",305,60,55,50,40,55,45,1,"False","Purple","True",0.5,"Bug",NA,"False",0.99,30,190,"bipedal_tailless"
480,"Kingler","Water",NA,475,55,130,115,50,50,75,1,"False","Red","True",0.5,"Water_3",NA,"False",1.3,60,60,"insectoid"
481,"Crustle","Bug","Rock",475,70,95,125,65,75,45,5,"False","Red","True",0.5,"Bug","Mineral","False",1.4,200,75,"insectoid"
482,"Honchkrow","Dark","Flying",505,100,125,52,105,52,71,4,"False","Black","True",0.5,"Flying",NA,"False",0.89,27.3,30,"two_wings"
483,"Wobbuffet","Psychic",NA,405,190,33,58,33,58,33,2,"False","Blue","True",0.5,"Amorphous",NA,"False",1.3,28.5,45,"head_base"
484,"Jumpluff","Grass","Flying",460,75,55,70,55,95,110,2,"False","Blue","True",0.5,"Fairy","Grass","False",0.79,3,45,"bipedal_tailed"
485,"Eelektross","Electric",NA,515,85,115,80,105,80,50,5,"False","Blue","True",0.5,"Amorphous",NA,"False",2.11,80.5,30,"with_fins"
486,"Heatran","Fire","Steel",600,91,90,106,130,106,77,4,"True","Brown","True",0.5,"Undiscovered",NA,"False",1.7,430,3,"quadruped"
487,"Darmanitan","Fire",NA,480,105,140,55,30,55,95,5,"False","Red","True",0.5,"Field",NA,"False",1.3,92.9,60,"quadruped"
488,"Staryu","Water",NA,340,30,45,55,70,55,85,1,"False","Brown","False",NA,"Water_3",NA,"False",0.79,34.5,225,"head_base"
489,"Mareep","Electric",NA,280,55,40,40,65,45,35,2,"False","White","True",0.5,"Monster","Field","False",0.61,7.8,235,"quadruped"
490,"Druddigon","Dragon",NA,485,77,120,90,60,90,48,5,"False","Red","True",0.5,"Dragon","Monster","False",1.6,139,45,"bipedal_tailed"
491,"Castform","Normal",NA,420,70,70,70,70,70,70,3,"False","White","True",0.5,"Fairy","Amorphous","False",0.3,0.8,45,"head_only"
492,"Hippowdon","Ground",NA,525,108,112,118,68,72,47,4,"False","Brown","True",0.5,"Field",NA,"False",2.01,300,60,"quadruped"
493,"Igglybuff","Normal","Fairy",210,90,30,15,40,20,15,2,"False","Pink","True",0.25,"Undiscovered",NA,"False",0.3,1,170,"bipedal_tailless"
494,"Talonflame","Fire","Flying",499,78,81,71,74,69,126,6,"False","Red","True",0.5,"Flying",NA,"False",1.19,24.5,45,"two_wings"
495,"Swellow","Normal","Flying",430,60,85,60,50,50,125,3,"False","Blue","True",0.5,"Flying",NA,"False",0.71,19.8,45,"two_wings"
496,"Camerupt","Fire","Ground",460,70,100,70,105,75,40,3,"False","Red","True",0.5,"Field",NA,"True",1.91,220,150,"quadruped"
497,"Nidoking","Poison","Ground",505,81,102,77,85,75,85,1,"False","Purple","True",1,"Monster","Field","False",1.4,62,45,"bipedal_tailed"
498,"Cranidos","Rock",NA,350,67,125,40,30,30,58,4,"False","Blue","True",0.875,"Monster",NA,"False",0.89,31.5,45,"bipedal_tailed"
499,"Diglett","Ground",NA,265,10,55,25,35,45,95,1,"False","Brown","True",0.5,"Field",NA,"False",0.2,0.8,255,"head_base"
500,"Metapod","Bug",NA,205,50,20,55,25,25,30,1,"False","Green","True",0.5,"Bug",NA,"False",0.71,9.9,120,"serpentine_body"
501,"Meowth","Normal",NA,290,40,45,35,40,40,90,1,"False","Yellow","True",0.5,"Field",NA,"False",0.41,4.2,255,"quadruped"
502,"Mantine","Water","Flying",465,65,40,70,80,140,70,2,"False","Purple","True",0.5,"Water_1",NA,"False",2.11,220,25,"two_wings"
503,"Snover","Grass","Ice",334,60,62,50,62,60,40,4,"False","White","True",0.5,"Monster","Grass","False",0.99,50.5,120,"bipedal_tailed"
504,"Pachirisu","Electric",NA,405,60,45,70,45,90,95,4,"False","White","True",0.5,"Field","Fairy","False",0.41,3.9,200,"quadruped"
505,"Electabuzz","Electric",NA,490,65,83,57,95,85,105,1,"False","Yellow","True",0.75,"Human-Like",NA,"False",1.09,30,45,"bipedal_tailed"
506,"Cacnea","Grass",NA,335,50,85,40,85,40,35,3,"False","Green","True",0.5,"Grass","Human-Like","False",0.41,51.3,190,"bipedal_tailless"
507,"Drifloon","Ghost","Flying",348,90,50,34,60,44,70,4,"False","Purple","True",0.5,"Amorphous",NA,"False",0.41,1.2,125,"head_arms"
508,"Magmar","Fire",NA,495,65,95,57,100,85,93,1,"False","Red","True",0.75,"Human-Like",NA,"False",1.3,44.5,45,"bipedal_tailed"
509,"Surskit","Bug","Water",269,40,30,32,50,52,65,3,"False","Blue","True",0.5,"Water_1","Bug","False",0.51,1.7,200,"insectoid"
510,"Serperior","Grass",NA,528,75,75,95,75,95,113,5,"False","Green","True",0.875,"Field","Grass","False",3.3,63,45,"serpentine_body"
511,"Crobat","Poison","Flying",535,85,90,80,70,80,130,2,"False","Purple","True",0.5,"Flying",NA,"False",1.8,75,90,"four_wings"
512,"Pumpkaboo","Ghost","Grass",335,49,66,70,44,55,51,6,"False","Brown","True",0.5,"Amorphous",NA,"False",0.41,5,120,"head_only"
513,"Kecleon","Normal",NA,440,60,90,70,60,120,40,3,"False","Green","True",0.5,"Field",NA,"False",0.99,22,200,"bipedal_tailed"
514,"Quagsire","Water","Ground",430,95,85,85,65,65,35,2,"False","Blue","True",0.5,"Water_1","Field","False",1.4,75,90,"bipedal_tailed"
515,"Golett","Ground","Ghost",303,59,74,50,35,50,35,5,"False","Green","False",NA,"Mineral",NA,"False",0.99,92,190,"bipedal_tailless"
516,"Pidgeotto","Normal","Flying",349,63,60,55,50,50,71,1,"False","Brown","True",0.5,"Flying",NA,"False",1.09,30,120,"two_wings"
517,"Pangoro","Fighting","Dark",495,95,124,78,69,71,58,6,"False","White","True",0.5,"Field","Human-Like","False",2.11,136,65,"bipedal_tailless"
518,"Drifblim","Ghost","Flying",498,150,80,44,90,54,80,4,"False","Purple","True",0.5,"Amorphous",NA,"False",1.19,15,60,"head_arms"
519,"Archeops","Rock","Flying",567,75,140,65,112,65,110,5,"False","Yellow","True",0.875,"Flying","Water_3","False",1.4,32,45,"two_wings"
520,"Torterra","Grass","Ground",525,95,109,105,75,85,56,4,"False","Green","True",0.875,"Monster","Grass","False",2.21,310,45,"quadruped"
521,"Garchomp","Dragon","Ground",600,108,130,95,80,85,102,4,"False","Blue","True",0.5,"Monster","Dragon","True",1.91,95,45,"bipedal_tailed"
522,"Litwick","Ghost","Fire",275,50,30,55,65,55,20,5,"False","White","True",0.5,"Amorphous",NA,"False",0.3,3.1,190,"head_base"
523,"Cobalion","Steel","Fighting",580,91,90,129,90,72,108,5,"True","Blue","False",NA,"Undiscovered",NA,"False",2.11,250,3,"quadruped"
524,"Gloom","Grass","Poison",395,60,65,70,85,75,40,1,"False","Blue","True",0.5,"Grass",NA,"False",0.79,8.6,120,"bipedal_tailless"
525,"Porygon2","Normal",NA,515,85,80,90,105,95,60,2,"False","Red","False",NA,"Mineral",NA,"False",0.61,32.5,45,"head_legs"
526,"Koffing","Poison",NA,340,40,65,95,60,45,35,1,"False","Purple","True",0.5,"Amorphous",NA,"False",0.61,1,190,"head_only"
527,"Bonsly","Rock",NA,290,50,80,95,10,45,10,4,"False","Brown","True",0.5,"Undiscovered",NA,"False",0.51,15,255,"head_legs"
528,"Vanilluxe","Ice",NA,535,71,95,85,110,95,79,5,"False","White","True",0.5,"Mineral",NA,"False",1.3,57.5,45,"multiple_bodies"
529,"Dunsparce","Normal",NA,415,100,70,70,65,65,45,2,"False","Yellow","True",0.5,"Field",NA,"False",1.5,14,190,"serpentine_body"
530,"Braixen","Fire",NA,409,59,59,58,90,70,73,6,"False","Red","True",0.875,"Field",NA,"False",0.99,14.5,45,"bipedal_tailed"
531,"Nuzleaf","Grass","Dark",340,70,70,40,60,40,60,3,"False","Brown","True",0.5,"Field","Grass","False",0.99,28,120,"bipedal_tailless"
532,"Drapion","Poison","Dark",500,70,90,110,60,75,95,4,"False","Purple","True",0.5,"Bug","Water_3","False",1.3,61.5,45,"insectoid"
533,"Gothorita","Psychic",NA,390,60,45,70,75,85,55,5,"False","Purple","True",0.25,"Human-Like",NA,"False",0.71,18,100,"bipedal_tailless"
534,"Pupitar","Rock","Ground",410,70,84,70,65,70,51,2,"False","Grey","True",0.5,"Monster",NA,"False",1.19,152,45,"serpentine_body"
535,"Anorith","Rock","Bug",355,45,95,50,40,50,75,3,"False","Grey","True",0.875,"Water_3",NA,"False",0.71,12.5,45,"insectoid"
536,"Sandshrew","Ground",NA,300,50,75,85,20,30,40,1,"False","Yellow","True",0.5,"Field",NA,"False",0.61,12,255,"bipedal_tailed"
537,"Budew","Grass","Poison",280,40,30,35,50,70,55,4,"False","Green","True",0.5,"Undiscovered",NA,"False",0.2,1.2,255,"bipedal_tailless"
538,"Weedle","Bug","Poison",195,40,35,30,20,20,50,1,"False","Brown","True",0.5,"Bug",NA,"False",0.3,3.2,255,"serpentine_body"
539,"Gliscor","Ground","Flying",510,75,95,125,45,75,95,4,"False","Purple","True",0.5,"Bug",NA,"False",2.01,42.5,30,"two_wings"
540,"Forretress","Bug","Steel",465,75,90,140,60,60,40,2,"False","Purple","True",0.5,"Bug",NA,"False",1.19,125.8,75,"head_only"
541,"Shellos","Water",NA,325,76,48,48,57,62,34,4,"False","Purple","True",0.5,"Water_1","Amorphous","False",0.3,6.3,190,"serpentine_body"
542,"Cherrim","Grass",NA,450,70,60,70,87,78,85,4,"False","Pink","True",0.5,"Fairy","Grass","False",0.51,9.3,75,"head_legs"
543,"Espurr","Psychic",NA,355,62,48,54,63,60,68,6,"False","Grey","True",0.5,"Field",NA,"False",0.3,3.5,190,"bipedal_tailed"
544,"Purugly","Normal",NA,452,71,82,64,64,59,112,4,"False","Grey","True",0.25,"Field",NA,"False",0.99,43.8,75,"quadruped"
545,"Seviper","Poison",NA,458,73,100,60,100,60,65,3,"False","Black","True",0.5,"Field","Dragon","False",2.69,52.5,90,"serpentine_body"
546,"Hypno","Psychic",NA,483,85,73,70,73,115,67,1,"False","Yellow","True",0.5,"Human-Like",NA,"False",1.6,75.6,75,"bipedal_tailless"
547,"Rattata","Normal",NA,253,30,56,35,25,35,72,1,"False","Purple","True",0.5,"Field",NA,"False",0.3,3.5,255,"quadruped"
548,"Lairon","Steel","Rock",430,60,90,140,50,50,40,3,"False","Grey","True",0.5,"Monster",NA,"False",0.89,120,90,"quadruped"
549,"Lanturn","Water","Electric",460,125,58,58,76,76,67,2,"False","Blue","True",0.5,"Water_2",NA,"False",1.19,22.5,75,"with_fins"
550,"Ambipom","Normal",NA,482,75,100,66,60,66,115,4,"False","Purple","True",0.5,"Field",NA,"False",1.19,20.3,45,"bipedal_tailed"
551,"Duosion","Psychic",NA,370,65,40,50,125,60,30,5,"False","Green","True",0.5,"Amorphous",NA,"False",0.61,8,100,"head_only"
552,"Trevenant","Ghost","Grass",474,85,110,76,65,82,56,6,"False","Brown","True",0.5,"Grass","Amorphous","False",1.5,71,60,"several_limbs"
553,"Groudon","Ground",NA,670,100,150,140,100,90,90,3,"True","Red","False",NA,"Undiscovered",NA,"False",3.51,950,3,"bipedal_tailed"
554,"Machoke","Fighting",NA,405,80,100,70,50,60,45,1,"False","Grey","True",0.75,"Human-Like",NA,"False",1.5,70.5,90,"bipedal_tailless"
555,"Starly","Normal","Flying",245,40,55,30,30,30,60,4,"False","Brown","True",0.5,"Flying",NA,"False",0.3,2,255,"two_wings"
556,"Politoed","Water",NA,500,90,75,75,90,100,70,2,"False","Green","True",0.5,"Water_1",NA,"False",1.09,33.9,45,"bipedal_tailed"
557,"Samurott","Water",NA,528,95,100,85,108,70,70,5,"False","Blue","True",0.875,"Field",NA,"False",1.5,94.6,45,"quadruped"
558,"Snivy","Grass",NA,308,45,45,55,45,55,63,5,"False","Green","True",0.875,"Field","Grass","False",0.61,8.1,45,"bipedal_tailed"
559,"Dedenne","Electric","Fairy",431,67,58,57,81,67,101,6,"False","Yellow","True",0.5,"Field","Fairy","False",0.2,2.2,180,"bipedal_tailed"
560,"Meditite","Fighting","Psychic",280,30,40,55,40,55,60,3,"False","Blue","True",0.5,"Human-Like",NA,"False",0.61,11.2,180,"bipedal_tailless"
561,"Gyarados","Water","Flying",540,95,125,79,60,100,81,1,"False","Blue","True",0.5,"Water_2","Dragon","True",6.5,235,45,"serpentine_body"
562,"Noctowl","Normal","Flying",442,100,50,50,76,96,70,2,"False","Brown","True",0.5,"Flying",NA,"False",1.6,40.8,90,"two_wings"
563,"Hoothoot","Normal","Flying",262,60,30,30,36,56,50,2,"False","Brown","True",0.5,"Flying",NA,"False",0.71,21.2,255,"two_wings"
564,"Amoonguss","Grass","Poison",464,114,85,70,85,80,30,5,"False","Grey","True",0.5,"Grass",NA,"False",0.61,10.5,75,"head_arms"
565,"Shaymin","Grass",NA,600,100,100,100,100,100,100,4,"True","Green","False",NA,"Undiscovered",NA,"False",0.2,2.1,45,"quadruped"
566,"Moltres","Fire","Flying",580,90,100,90,125,85,90,1,"True","Yellow","False",NA,"Undiscovered",NA,"False",2.01,60,3,"two_wings"
567,"Staraptor","Normal","Flying",485,85,120,70,50,60,100,4,"False","Brown","True",0.5,"Flying",NA,"False",1.19,24.9,45,"two_wings"
568,"Numel","Fire","Ground",305,60,60,40,65,45,35,3,"False","Yellow","True",0.5,"Field",NA,"False",0.71,24,255,"quadruped"
569,"Aegislash","Steel","Ghost",520,60,50,150,50,150,60,6,"False","Brown","True",0.5,"Mineral",NA,"False",1.7,53,45,"head_base"
570,"Wingull","Water","Flying",270,40,30,30,55,30,85,3,"False","White","True",0.5,"Water_1","Flying","False",0.61,9.5,190,"two_wings"
571,"Purrloin","Dark",NA,281,41,50,37,50,37,66,5,"False","Purple","True",0.5,"Field",NA,"False",0.41,10.1,255,"quadruped"
572,"Skarmory","Steel","Flying",465,65,80,140,40,70,70,2,"False","Grey","True",0.5,"Flying",NA,"False",1.7,50.5,25,"two_wings"
573,"Excadrill","Ground","Steel",508,110,135,60,50,65,88,5,"False","Grey","True",0.5,"Field",NA,"False",0.71,40.4,60,"bipedal_tailless"
574,"Mesprit","Psychic",NA,580,80,105,105,105,105,80,4,"True","Pink","False",NA,"Undiscovered",NA,"False",0.3,0.3,3,"bipedal_tailed"
575,"Bayleef","Grass",NA,405,60,62,80,63,80,60,2,"False","Green","True",0.875,"Monster","Grass","False",1.19,15.8,45,"quadruped"
576,"Xerneas","Fairy",NA,680,126,131,95,131,98,99,6,"True","Blue","False",NA,"Undiscovered",NA,"False",3,215,45,"quadruped"
577,"Noivern","Flying","Dragon",535,85,70,80,97,80,123,6,"False","Purple","True",0.5,"Flying",NA,"False",1.5,85,45,"two_wings"
578,"Mamoswine","Ice","Ground",530,110,130,80,70,60,80,4,"False","Brown","True",0.5,"Field",NA,"False",2.49,291,50,"quadruped"
579,"Smoochum","Ice","Psychic",305,45,30,15,85,65,65,2,"False","Pink","True",0,"Undiscovered",NA,"False",0.41,6,45,"bipedal_tailless"
580,"Dugtrio","Ground",NA,405,35,80,50,50,70,120,1,"False","Brown","True",0.5,"Field",NA,"False",0.71,33.3,50,"multiple_bodies"
581,"Kyogre","Water",NA,670,100,100,90,150,140,90,3,"True","Blue","False",NA,"Undiscovered",NA,"False",4.5,352,3,"with_fins"
582,"Chingling","Psychic",NA,285,45,30,50,65,50,45,4,"False","Yellow","True",0.5,"Undiscovered",NA,"False",0.2,0.6,120,"bipedal_tailless"
583,"Spheal","Ice","Water",290,70,40,50,55,50,25,3,"False","Blue","True",0.5,"Water_1","Field","False",0.79,39.5,255,"with_fins"
584,"Frillish","Water","Ghost",335,55,40,50,65,85,40,5,"False","White","True",0.5,"Amorphous",NA,"False",1.19,33,190,"several_limbs"
585,"Helioptile","Electric","Normal",289,44,38,33,61,43,70,6,"False","Yellow","True",0.5,"Monster","Dragon","False",0.51,6,190,"bipedal_tailed"
586,"Sigilyph","Psychic","Flying",490,72,58,80,103,80,97,5,"False","Black","True",0.5,"Flying",NA,"False",1.4,14,45,"two_wings"
587,"Ivysaur","Grass","Poison",405,60,62,63,80,80,60,1,"False","Green","True",0.875,"Monster","Grass","False",0.99,13,45,"quadruped"
588,"Simisear","Fire",NA,498,75,98,63,98,63,101,5,"False","Red","True",0.875,"Field",NA,"False",0.99,28,75,"bipedal_tailed"
589,"Manaphy","Water",NA,600,100,100,100,100,100,100,4,"False","Blue","False",NA,"Water_1","Fairy","False",0.3,1.4,3,"bipedal_tailless"
590,"Zubat","Poison","Flying",245,40,45,35,30,40,55,1,"False","Purple","True",0.5,"Flying",NA,"False",0.79,7.5,255,"two_wings"
591,"Yanma","Bug","Flying",390,65,65,45,75,45,95,2,"False","Red","True",0.5,"Bug",NA,"False",1.19,38,75,"four_wings"
592,"Volbeat","Bug",NA,400,65,73,55,47,75,85,3,"False","Grey","True",1,"Bug","Human-Like","False",0.71,17.7,150,"bipedal_tailed"
593,"Magikarp","Water",NA,200,20,10,55,15,20,80,1,"False","Red","True",0.5,"Water_2","Dragon","False",0.89,10,255,"with_fins"
594,"Arceus","Normal",NA,720,120,120,120,120,120,120,4,"True","Grey","False",NA,"Undiscovered",NA,"False",3.2,320,3,"quadruped"
595,"Sudowoodo","Rock",NA,410,70,100,115,30,65,30,2,"False","Brown","True",0.5,"Mineral",NA,"False",1.19,38,65,"bipedal_tailless"
596,"Wailord","Water",NA,500,170,90,45,90,45,60,3,"False","Blue","True",0.5,"Field","Water_2","False",14.5,398,60,"with_fins"
597,"Murkrow","Dark","Flying",405,60,85,42,85,42,91,2,"False","Black","True",0.5,"Flying",NA,"False",0.51,2.1,30,"two_wings"
598,"Floatzel","Water",NA,495,85,105,55,85,50,115,4,"False","Brown","True",0.5,"Water_1","Field","False",1.09,33.5,75,"quadruped"
599,"Chatot","Normal","Flying",411,76,65,45,92,42,91,4,"False","Black","True",0.5,"Flying",NA,"False",0.51,1.9,30,"two_wings"
600,"Throh","Fighting",NA,465,120,100,85,30,85,45,5,"False","Red","True",1,"Human-Like",NA,"False",1.3,55.5,45,"bipedal_tailless"
601,"Chesnaught","Grass","Fighting",530,88,107,122,74,75,64,6,"False","Green","True",0.875,"Field",NA,"False",1.6,90,45,"bipedal_tailed"
602,"Munchlax","Normal",NA,390,135,85,40,40,85,5,4,"False","Black","True",0.875,"Undiscovered",NA,"False",0.61,105,50,"bipedal_tailless"
603,"Larvesta","Bug","Fire",360,55,85,55,50,55,60,5,"False","White","True",0.5,"Bug",NA,"False",1.09,28.8,45,"insectoid"
604,"Tangela","Grass",NA,435,65,55,115,100,40,60,1,"False","Blue","True",0.5,"Grass",NA,"False",0.99,35,45,"head_legs"
605,"Exploud","Normal",NA,490,104,91,63,91,73,68,3,"False","Blue","True",0.5,"Monster","Field","False",1.5,84,45,"bipedal_tailed"
606,"Sunflora","Grass",NA,425,75,75,55,105,85,30,2,"False","Yellow","True",0.5,"Grass",NA,"False",0.79,8.5,120,"bipedal_tailless"
607,"Stunky","Poison","Dark",329,63,63,47,41,41,74,4,"False","Purple","True",0.5,"Field",NA,"False",0.41,19.2,225,"quadruped"
608,"Marowak","Ground",NA,425,60,80,110,50,80,45,1,"False","Brown","True",0.5,"Monster",NA,"False",0.99,45,75,"bipedal_tailed"
609,"Oddish","Grass","Poison",320,45,50,55,75,65,30,1,"False","Blue","True",0.5,"Grass",NA,"False",0.51,5.4,255,"head_legs"
610,"Diggersby","Normal","Ground",423,85,56,77,50,77,78,6,"False","Brown","True",0.5,"Field",NA,"False",0.99,42.4,127,"bipedal_tailed"
611,"Ampharos","Electric",NA,510,90,75,85,115,90,55,2,"False","Yellow","True",0.5,"Monster","Field","True",1.4,61.5,45,"bipedal_tailed"
612,"Abomasnow","Grass","Ice",494,90,92,75,92,85,60,4,"False","White","True",0.5,"Monster","Grass","True",2.21,135.5,60,"bipedal_tailed"
613,"Krabby","Water",NA,325,30,105,90,25,25,50,1,"False","Red","True",0.5,"Water_3",NA,"False",0.41,6.5,225,"insectoid"
614,"Gastly","Ghost","Poison",310,30,35,30,100,35,80,1,"False","Purple","True",0.5,"Amorphous",NA,"False",1.3,0.1,190,"head_only"
615,"Corphish","Water",NA,308,43,80,65,50,35,35,3,"False","Red","True",0.5,"Water_1","Water_3","False",0.61,11.5,205,"insectoid"
616,"Cubchoo","Ice",NA,305,55,70,40,60,40,40,5,"False","Blue","True",0.5,"Field",NA,"False",0.51,8.5,120,"bipedal_tailed"
617,"Garbodor","Poison",NA,474,80,95,82,60,82,75,5,"False","Green","True",0.5,"Mineral",NA,"False",1.91,107.3,60,"bipedal_tailless"
618,"Yveltal","Dark","Flying",680,126,131,95,131,98,99,6,"True","Red","False",NA,"Undiscovered",NA,"False",5.79,203,45,"two_wings"
619,"Luxio","Electric",NA,363,60,85,49,60,49,60,4,"False","Blue","True",0.5,"Field",NA,"False",0.89,30.5,120,"quadruped"
620,"Lillipup","Normal",NA,275,45,60,45,25,45,55,5,"False","Brown","True",0.5,"Field",NA,"False",0.41,4.1,255,"quadruped"
621,"Gallade","Psychic","Fighting",518,68,125,65,65,115,80,4,"False","White","True",1,"Amorphous",NA,"True",1.6,52,45,"bipedal_tailless"
622,"Smeargle","Normal",NA,250,55,20,35,20,45,75,2,"False","White","True",0.5,"Field",NA,"False",1.19,58,45,"bipedal_tailed"
623,"Banette","Ghost",NA,455,64,115,65,83,63,65,3,"False","Black","True",0.5,"Amorphous",NA,"True",1.09,12.5,45,"bipedal_tailed"
624,"Pawniard","Dark","Steel",340,45,85,70,40,40,60,5,"False","Red","True",0.5,"Human-Like",NA,"False",0.51,10.2,120,"bipedal_tailless"
625,"Fearow","Normal","Flying",442,65,90,65,61,61,100,1,"False","Brown","True",0.5,"Flying",NA,"False",1.19,38,90,"two_wings"
626,"Armaldo","Rock","Bug",495,75,125,100,70,80,45,3,"False","Grey","True",0.875,"Water_3",NA,"False",1.5,68.2,45,"bipedal_tailed"
627,"Chimchar","Fire",NA,309,44,58,44,58,44,61,4,"False","Brown","True",0.875,"Field","Human-Like","False",0.51,6.2,45,"bipedal_tailed"
628,"Furret","Normal",NA,415,85,76,64,45,55,90,2,"False","Brown","True",0.5,"Field",NA,"False",1.8,32.5,90,"quadruped"
629,"Aromatisse","Fairy",NA,462,101,72,72,99,89,29,6,"False","Pink","True",0.5,"Fairy",NA,"False",0.79,15.5,140,"bipedal_tailless"
630,"Duskull","Ghost",NA,295,20,40,90,30,90,25,3,"False","Black","True",0.5,"Amorphous",NA,"False",0.79,15,190,"head_arms"
631,"Servine","Grass",NA,413,60,60,75,60,75,83,5,"False","Green","True",0.875,"Field","Grass","False",0.79,16,45,"bipedal_tailed"
632,"Sharpedo","Water","Dark",460,70,120,40,95,40,95,3,"False","Blue","True",0.5,"Water_2",NA,"True",1.8,88.8,60,"with_fins"
633,"Hawlucha","Fighting","Flying",500,78,92,75,74,63,118,6,"False","Green","True",0.5,"Human-Like",NA,"False",0.79,21.5,100,"bipedal_tailless"
634,"Feebas","Water",NA,200,20,15,20,10,55,80,3,"False","Brown","True",0.5,"Water_1","Dragon","False",0.61,7.4,255,"with_fins"
635,"Riolu","Fighting",NA,285,40,70,40,35,40,60,4,"False","Blue","True",0.875,"Undiscovered",NA,"False",0.71,20.2,75,"bipedal_tailed"
636,"Gengar","Ghost","Poison",500,60,65,60,130,75,110,1,"False","Purple","True",0.5,"Amorphous",NA,"True",1.5,40.5,45,"bipedal_tailed"
637,"Greninja","Water","Dark",530,72,95,67,103,71,122,6,"False","Blue","True",0.875,"Water_1",NA,"False",1.5,40,45,"bipedal_tailless"
638,"Dewott","Water",NA,413,75,75,60,83,60,60,5,"False","Blue","True",0.875,"Field",NA,"False",0.79,24.5,45,"bipedal_tailed"
639,"Trubbish","Poison",NA,329,50,50,62,40,62,65,5,"False","Green","True",0.5,"Mineral",NA,"False",0.61,31,190,"bipedal_tailless"
640,"Zweilous","Dark","Dragon",420,72,85,70,65,70,58,5,"False","Blue","True",0.5,"Dragon",NA,"False",1.4,50,45,"quadruped"
641,"Carnivine","Grass",NA,454,74,100,72,90,72,46,4,"False","Green","True",0.5,"Grass",NA,"False",1.4,27,200,"several_limbs"
642,"Exeggcute","Grass","Psychic",325,60,40,80,60,45,40,1,"False","Pink","True",0.5,"Grass",NA,"False",0.41,2.5,90,"multiple_bodies"
643,"Sawk","Fighting",NA,465,75,125,75,30,75,85,5,"False","Blue","True",1,"Human-Like",NA,"False",1.4,51,45,"bipedal_tailless"
644,"Shieldon","Rock","Steel",350,30,42,118,42,88,30,4,"False","Grey","True",0.875,"Monster",NA,"False",0.51,57,45,"quadruped"
645,"Bastiodon","Rock","Steel",495,60,52,168,47,138,30,4,"False","Grey","True",0.875,"Monster",NA,"False",1.3,149.5,45,"quadruped"
646,"Entei","Fire",NA,580,115,115,85,90,75,100,2,"True","Brown","False",NA,"Undiscovered",NA,"False",2.11,198,3,"quadruped"
647,"Lampent","Ghost","Fire",370,60,40,60,95,60,55,5,"False","Black","True",0.5,"Amorphous",NA,"False",0.61,13,90,"head_arms"
648,"Dragalge","Poison","Dragon",494,65,75,90,97,123,44,6,"False","Brown","True",0.5,"Water_1","Dragon","False",1.8,81.5,55,"head_base"
649,"Bouffalant","Normal",NA,490,95,110,95,40,95,55,5,"False","Brown","True",0.5,"Field",NA,"False",1.6,94.6,45,"quadruped"
650,"Delphox","Fire","Psychic",534,75,69,72,114,100,104,6,"False","Red","True",0.875,"Field",NA,"False",1.5,39,45,"bipedal_tailed"
651,"Ho-Oh","Fire","Flying",680,106,130,90,110,154,90,2,"True","Red","False",NA,"Undiscovered",NA,"False",3.81,199,3,"two_wings"
652,"Wooper","Water","Ground",210,55,45,45,25,25,15,2,"False","Blue","True",0.5,"Water_1","Field","False",0.41,8.5,255,"head_legs"
653,"Clamperl","Water",NA,345,35,64,85,74,55,32,3,"False","Blue","True",0.5,"Water_1",NA,"False",0.41,52.5,255,"head_only"
654,"Snubbull","Fairy",NA,300,60,80,50,40,40,30,2,"False","Pink","True",0.25,"Field","Fairy","False",0.61,7.8,190,"bipedal_tailless"
655,"Tentacool","Water","Poison",335,40,40,35,50,100,70,1,"False","Blue","True",0.5,"Water_3",NA,"False",0.89,45.5,190,"several_limbs"
656,"Latias","Dragon","Psychic",600,80,80,90,110,130,110,3,"True","Red","True",0,"Undiscovered",NA,"True",1.4,40,3,"two_wings"
657,"Hitmonlee","Fighting",NA,455,50,120,53,35,110,87,1,"False","Brown","True",1,"Human-Like",NA,"False",1.5,49.8,45,"bipedal_tailless"
658,"Cottonee","Grass","Fairy",280,40,27,60,37,50,66,5,"False","Green","True",0.5,"Grass","Fairy","False",0.3,0.6,190,"head_only"
659,"Manectric","Electric",NA,475,70,75,60,105,60,105,3,"False","Yellow","True",0.5,"Field",NA,"True",1.5,40.2,45,"quadruped"
660,"Taillow","Normal","Flying",270,40,55,30,30,30,85,3,"False","Blue","True",0.5,"Flying",NA,"False",0.3,2.3,200,"two_wings"
661,"Rufflet","Normal","Flying",350,70,83,50,37,50,60,5,"False","White","True",1,"Flying",NA,"False",0.51,10.5,190,"two_wings"
662,"Skitty","Normal",NA,260,50,45,45,35,35,50,3,"False","Pink","True",0.25,"Field","Fairy","False",0.61,11,255,"quadruped"
663,"Makuhita","Fighting",NA,237,72,60,30,20,30,25,3,"False","Yellow","True",0.75,"Human-Like",NA,"False",0.99,86.4,180,"bipedal_tailless"
664,"Omanyte","Rock","Water",355,35,40,100,90,55,35,1,"False","Blue","True",0.875,"Water_1","Water_3","False",0.41,7.5,45,"several_limbs"
665,"Malamar","Dark","Psychic",482,86,92,88,68,75,73,6,"False","Blue","True",0.5,"Water_1","Water_2","False",1.5,47,80,"head_base"
666,"Tranquill","Normal","Flying",358,62,77,62,50,42,65,5,"False","Grey","True",0.5,"Flying",NA,"False",0.61,15,120,"two_wings"
667,"Beheeyem","Psychic",NA,485,75,75,75,125,95,40,5,"False","Brown","True",0.5,"Human-Like",NA,"False",0.99,34.5,90,"bipedal_tailless"
668,"Pansear","Fire",NA,316,50,53,48,53,48,64,5,"False","Red","True",0.875,"Field",NA,"False",0.61,11,190,"bipedal_tailed"
669,"Aerodactyl","Rock","Flying",515,80,105,65,60,75,130,1,"False","Purple","True",0.875,"Flying",NA,"True",1.8,59,45,"two_wings"
670,"Vullaby","Dark","Flying",370,70,55,75,45,65,60,5,"False","Brown","True",0,"Flying",NA,"False",0.51,9,190,"two_wings"
671,"Shuckle","Bug","Rock",505,20,10,230,10,230,5,2,"False","Yellow","True",0.5,"Bug",NA,"False",0.61,20.5,190,"insectoid"
672,"Roselia","Grass","Poison",400,50,60,45,100,80,65,3,"False","Green","True",0.5,"Fairy","Grass","False",0.3,2,150,"bipedal_tailless"
673,"Weezing","Poison",NA,490,65,90,120,85,70,60,1,"False","Purple","True",0.5,"Amorphous",NA,"False",1.19,9.5,60,"multiple_bodies"
674,"Leafeon","Grass",NA,525,65,110,130,60,65,95,4,"False","Green","True",0.875,"Field",NA,"False",0.99,25.5,45,"quadruped"
675,"Lileep","Rock","Grass",355,66,41,77,61,87,23,3,"False","Purple","True",0.875,"Water_3",NA,"False",0.99,23.8,45,"head_base"
676,"Eelektrik","Electric",NA,405,65,85,70,75,70,40,5,"False","Blue","True",0.5,"Amorphous",NA,"False",1.19,22,60,"with_fins"
677,"Meganium","Grass",NA,525,80,82,100,83,100,80,2,"False","Green","True",0.875,"Monster","Grass","False",1.8,100.5,45,"quadruped"
678,"Kadabra","Psychic",NA,400,40,35,30,120,70,105,1,"False","Brown","True",0.75,"Human-Like",NA,"False",1.3,56.5,100,"bipedal_tailed"
679,"Seel","Water",NA,325,65,45,55,45,70,45,1,"False","White","True",0.5,"Water_1","Field","False",1.09,90,190,"with_fins"
680,"Kangaskhan","Normal",NA,490,105,95,80,40,80,90,1,"False","Brown","True",0,"Monster",NA,"True",2.21,80,45,"bipedal_tailed"
681,"Shelmet","Bug",NA,305,50,40,85,40,65,25,5,"False","Red","True",0.5,"Bug",NA,"False",0.41,7.7,200,"head_only"
682,"Aggron","Steel","Rock",530,70,110,180,60,60,50,3,"False","Grey","True",0.5,"Monster",NA,"True",2.11,360,45,"bipedal_tailed"
683,"Monferno","Fire","Fighting",405,64,78,52,78,52,81,4,"False","Brown","True",0.875,"Field","Human-Like","False",0.89,22,45,"bipedal_tailed"
684,"Larvitar","Rock","Ground",300,50,64,50,45,50,41,2,"False","Green","True",0.5,"Monster",NA,"False",0.61,72,45,"bipedal_tailed"
685,"Kabuto","Rock","Water",355,30,80,90,55,45,55,1,"False","Brown","True",0.875,"Water_1","Water_3","False",0.51,11.5,45,"insectoid"
686,"Typhlosion","Fire",NA,534,78,84,78,109,85,100,2,"False","Yellow","True",0.875,"Field",NA,"False",1.7,79.5,45,"quadruped"
687,"Meloetta","Normal","Psychic",600,100,77,77,128,128,90,5,"False","White","False",NA,"Undiscovered",NA,"False",0.61,6.5,3,"bipedal_tailless"
688,"Bunnelby","Normal",NA,237,38,36,38,32,36,57,6,"False","Brown","True",0.5,"Field",NA,"False",0.41,5,255,"bipedal_tailed"
689,"Victreebel","Grass","Poison",490,80,105,65,100,70,70,1,"False","Green","True",0.5,"Grass",NA,"False",1.7,15.5,45,"head_base"
690,"Yamask","Ghost",NA,303,38,30,85,55,65,30,5,"False","Black","True",0.5,"Mineral","Amorphous","False",0.51,1.5,190,"head_arms"
691,"Dodrio","Normal","Flying",460,60,110,70,60,60,100,1,"False","Brown","True",0.5,"Flying",NA,"False",1.8,85.2,45,"head_legs"
692,"Heatmor","Fire",NA,484,85,97,66,105,66,65,5,"False","Red","True",0.5,"Field",NA,"False",1.4,58,90,"bipedal_tailed"
693,"Darkrai","Dark",NA,600,70,90,90,135,90,125,4,"True","Black","False",NA,"Undiscovered",NA,"False",1.5,50.5,3,"bipedal_tailless"
694,"Metagross","Steel","Psychic",600,80,135,130,95,90,70,3,"False","Blue","False",NA,"Mineral",NA,"True",1.6,550,3,"multiple_bodies"
695,"Pinsir","Bug",NA,500,65,125,100,55,70,85,1,"False","Brown","True",0.5,"Bug",NA,"True",1.5,55,45,"bipedal_tailless"
696,"Zoroark","Dark",NA,510,60,105,60,120,60,105,5,"False","Grey","True",0.875,"Field",NA,"False",1.6,81.1,45,"bipedal_tailed"
697,"Vibrava","Ground","Dragon",340,50,70,50,50,50,70,3,"False","Green","True",0.5,"Bug",NA,"False",1.09,15.3,120,"four_wings"
698,"Abra","Psychic",NA,310,25,20,15,105,55,90,1,"False","Brown","True",0.75,"Human-Like",NA,"False",0.89,19.5,200,"bipedal_tailed"
699,"Electivire","Electric",NA,540,75,123,67,95,85,95,4,"False","Yellow","True",0.75,"Human-Like",NA,"False",1.8,138.6,30,"bipedal_tailed"
700,"Froakie","Water",NA,314,41,56,40,62,44,71,6,"False","Blue","True",0.875,"Water_1",NA,"False",0.3,7,45,"quadruped"
701,"Snorunt","Ice",NA,300,50,50,50,50,50,50,3,"False","Grey","True",0.5,"Fairy","Mineral","False",0.71,16.8,190,"bipedal_tailless"
702,"Hippopotas","Ground",NA,330,68,72,78,38,42,32,4,"False","Brown","True",0.5,"Field",NA,"False",0.79,49.5,140,"quadruped"
703,"Pelipper","Water","Flying",430,60,50,100,85,70,65,3,"False","Yellow","True",0.5,"Water_1","Flying","False",1.19,28,45,"two_wings"
704,"Spewpa","Bug",NA,213,45,22,60,27,30,29,6,"False","Black","True",0.5,"Bug",NA,"False",0.3,8.4,120,"head_base"
705,"Registeel","Steel",NA,580,80,75,150,75,150,50,3,"True","Grey","False",NA,"Undiscovered",NA,"False",1.91,205,3,"bipedal_tailless"
706,"Rhyperior","Ground","Rock",535,115,140,130,55,55,40,4,"False","Grey","True",0.5,"Monster","Field","False",2.39,282.8,30,"bipedal_tailed"
707,"Arcanine","Fire",NA,555,90,110,80,100,80,95,1,"False","Brown","True",0.75,"Field",NA,"False",1.91,155,75,"quadruped"
708,"Lombre","Water","Grass",340,60,50,50,60,70,50,3,"False","Green","True",0.5,"Water_1","Grass","False",1.19,32.5,120,"bipedal_tailless"
709,"Florges","Fairy",NA,552,78,65,68,112,154,75,6,"False","White","True",0,"Fairy",NA,"False",1.09,10,45,"head_arms"
710,"Azumarill","Water","Fairy",420,100,50,80,60,80,50,2,"False","Blue","True",0.5,"Water_1","Fairy","False",0.79,28.5,75,"bipedal_tailed"
711,"Tangrowth","Grass",NA,535,100,100,125,110,50,50,4,"False","Blue","True",0.5,"Grass",NA,"False",2.01,128.6,30,"bipedal_tailless"
712,"Drilbur","Ground",NA,328,60,85,40,30,45,68,5,"False","Grey","True",0.5,"Field",NA,"False",0.3,8.5,120,"bipedal_tailed"
713,"Ninetales","Fire",NA,505,73,76,75,81,100,100,1,"False","Yellow","True",0.25,"Field",NA,"False",1.09,19.9,75,"quadruped"
714,"Frogadier","Water",NA,405,54,63,52,83,56,97,6,"False","Blue","True",0.875,"Water_1",NA,"False",0.61,10.9,45,"bipedal_tailless"
715,"Avalugg","Ice",NA,514,95,117,184,44,46,28,6,"False","Blue","True",0.5,"Monster",NA,"False",2.01,505,55,"quadruped"
716,"Grumpig","Psychic",NA,470,80,45,65,90,110,80,3,"False","Purple","True",0.5,"Field",NA,"False",0.89,71.5,60,"bipedal_tailed"
717,"Squirtle","Water",NA,314,44,48,65,50,64,43,1,"False","Blue","True",0.875,"Monster","Water_1","False",0.51,9,45,"bipedal_tailed"
718,"Solrock","Rock","Psychic",440,70,95,85,55,65,70,3,"False","Red","False",NA,"Mineral",NA,"False",1.19,154,45,"head_only"
719,"Golbat","Poison","Flying",455,75,80,70,65,75,90,1,"False","Purple","True",0.5,"Flying",NA,"False",1.6,55,90,"two_wings"
720,"Ariados","Bug","Poison",390,70,90,70,60,60,40,2,"False","Red","True",0.5,"Bug",NA,"False",1.09,33.5,90,"insectoid"
721,"Rampardos","Rock",NA,495,97,165,60,65,50,58,4,"False","Blue","True",0.875,"Monster",NA,"False",1.6,102.5,45,"bipedal_tailed"
722,"Noibat","Flying","Dragon",245,40,30,35,45,40,55,6,"False","Purple","True",0.5,"Flying",NA,"False",0.51,8,190,"two_wings"
723,"Foongus","Grass","Poison",294,69,55,45,55,55,15,5,"False","White","True",0.5,"Grass",NA,"False",0.2,1,190,"head_arms"
